task,founder,status,cpu_seconds,founder_W,founder_L1,best_W,best_L1
2076_01_s24_defect,2076_01,OPTIMAL_UNCERTIFIED,1.699802,2076,2488,2076,2488
2076_01_s24_random,2076_01,OPTIMAL_UNCERTIFIED,1.961169,2076,2488,2076,2488
2076_01_s40_defect,2076_01,OPTIMAL_UNCERTIFIED,2833.314639,2076,2488,2076,2488
2076_01_s40_random,2076_01,OPTIMAL_UNCERTIFIED,5.555783,2076,2488,2076,2488
2076_01_s60_defect,2076_01,CPU_LIMIT_UNKNOWN,7200.466464,2076,2488,2076,2488
2076_01_s60_random,2076_01,CPU_LIMIT_UNKNOWN,7200.523107,2076,2488,2076,2488
2076_02_s24_defect,2076_02,OPTIMAL_UNCERTIFIED,2.1652970000000002,2077,2488,2077,2488
2076_02_s24_random,2076_02,OPTIMAL_UNCERTIFIED,2.218557,2077,2488,2077,2488
2076_02_s40_defect,2076_02,OPTIMAL_UNCERTIFIED,6.3996379999999995,2077,2488,2077,2488
2076_02_s40_random,2076_02,OPTIMAL_UNCERTIFIED,7.2076270000000005,2077,2488,2077,2488
2076_02_s60_defect,2076_02,CPU_LIMIT_UNKNOWN,7200.571911,2077,2488,2077,2488
2076_02_s60_random,2076_02,CPU_LIMIT_UNKNOWN,7200.437571,2077,2488,2077,2488
2076_03_s24_defect,2076_03,OPTIMAL_UNCERTIFIED,2.120859,2079,2484,2079,2484
2076_03_s24_random,2076_03,OPTIMAL_UNCERTIFIED,2.128751,2079,2484,2079,2484
2076_03_s40_defect,2076_03,CPU_LIMIT_UNKNOWN,7200.1728650000005,2079,2484,2079,2484
2076_03_s40_random,2076_03,OPTIMAL_UNCERTIFIED,11.577902,2079,2484,2079,2484
2076_03_s60_defect,2076_03,CPU_LIMIT_UNKNOWN,7200.525437,2079,2484,2079,2484
2076_03_s60_random,2076_03,CPU_LIMIT_UNKNOWN,7200.526243,2079,2484,2079,2484
2076_04_s24_defect,2076_04,OPTIMAL_UNCERTIFIED,2.4291129999999996,2082,2476,2082,2476
2076_04_s24_random,2076_04,OPTIMAL_UNCERTIFIED,2.3385610000000003,2082,2476,2082,2476
2076_04_s40_defect,2076_04,OPTIMAL_UNCERTIFIED,6.388504,2082,2476,2082,2476
2076_04_s40_random,2076_04,OPTIMAL_UNCERTIFIED,7.052038,2082,2476,2082,2476
2076_04_s60_defect,2076_04,CPU_LIMIT_UNKNOWN,7200.489713,2082,2476,2082,2476
2076_04_s60_random,2076_04,CPU_LIMIT_UNKNOWN,7200.4682410000005,2082,2476,2082,2476
2076_05_s24_defect,2076_05,RIGID_BOUNDARY_VERIFIED,0,2083,2478,2083,2478
2076_05_s24_random,2076_05,OPTIMAL_UNCERTIFIED,2.198194,2083,2478,2083,2478
2076_05_s40_defect,2076_05,OPTIMAL_UNCERTIFIED,5.041578,2083,2478,2083,2478
2076_05_s40_random,2076_05,OPTIMAL_UNCERTIFIED,5.641413,2083,2478,2083,2478
2076_05_s60_defect,2076_05,CPU_LIMIT_UNKNOWN,7200.554381,2083,2478,2083,2478
2076_05_s60_random,2076_05,CPU_LIMIT_UNKNOWN,7200.471143,2083,2478,2083,2478
2076_06_s24_defect,2076_06,OPTIMAL_UNCERTIFIED,2.181724,2086,2480,2086,2480
2076_06_s24_random,2076_06,OPTIMAL_UNCERTIFIED,2.275323,2086,2480,2086,2480
2076_06_s40_defect,2076_06,OPTIMAL_UNCERTIFIED,106.617666,2086,2480,2086,2480
2076_06_s40_random,2076_06,OPTIMAL_UNCERTIFIED,4.926408,2086,2480,2086,2480
2076_06_s60_defect,2076_06,CPU_LIMIT_UNKNOWN,7200.532511,2086,2480,2086,2480
2076_06_s60_random,2076_06,CPU_LIMIT_UNKNOWN,7200.380401,2086,2480,2086,2480
2076_07_s24_defect,2076_07,OPTIMAL_UNCERTIFIED,2.2911319999999997,2175,2636,2175,2636
2076_07_s24_random,2076_07,OPTIMAL_UNCERTIFIED,2.332424,2175,2636,2175,2636
2076_07_s40_defect,2076_07,CPU_LIMIT_UNKNOWN,7200.210741,2175,2636,2175,2636
2076_07_s40_random,2076_07,OPTIMAL_UNCERTIFIED,315.217764,2175,2636,2175,2636
2076_07_s60_defect,2076_07,CPU_LIMIT_UNKNOWN,7200.496787,2175,2636,2175,2636
2076_07_s60_random,2076_07,CPU_LIMIT_UNKNOWN,7200.423646,2175,2636,2175,2636
2076_08_s24_defect,2076_08,OPTIMAL_UNCERTIFIED,2.1963150000000002,2132,2560,2132,2560
2076_08_s24_random,2076_08,OPTIMAL_UNCERTIFIED,2.3369280000000003,2132,2560,2132,2560
2076_08_s40_defect,2076_08,OPTIMAL_UNCERTIFIED,7.227885,2132,2560,2132,2560
2076_08_s40_random,2076_08,OPTIMAL_UNCERTIFIED,5.8573889999999995,2132,2560,2132,2560
2076_08_s60_defect,2076_08,CPU_LIMIT_UNKNOWN,7200.507178,2132,2560,2132,2560
2076_08_s60_random,2076_08,CPU_LIMIT_UNKNOWN,7200.364422,2132,2560,2132,2560
2076_09_s24_defect,2076_09,OPTIMAL_UNCERTIFIED,2.0796349999999997,2114,2512,2114,2512
2076_09_s24_random,2076_09,OPTIMAL_UNCERTIFIED,2.039783,2114,2512,2114,2512
2076_09_s40_defect,2076_09,OPTIMAL_UNCERTIFIED,137.59208,2114,2512,2114,2512
2076_09_s40_random,2076_09,OPTIMAL_UNCERTIFIED,24.887953,2114,2512,2114,2512
2076_09_s60_defect,2076_09,CPU_LIMIT_UNKNOWN,7200.390637,2114,2512,2114,2512
2076_09_s60_random,2076_09,CPU_LIMIT_UNKNOWN,7200.455836,2114,2512,2114,2512
2076_10_s24_defect,2076_10,RIGID_BOUNDARY_VERIFIED,0,2157,2612,2157,2612
2076_10_s24_random,2076_10,OPTIMAL_UNCERTIFIED,2.234797,2157,2612,2157,2612
2076_10_s40_defect,2076_10,OPTIMAL_UNCERTIFIED,6.70188,2157,2612,2157,2612
2076_10_s40_random,2076_10,OPTIMAL_UNCERTIFIED,5.228223,2157,2612,2157,2612
2076_10_s60_defect,2076_10,CPU_LIMIT_UNKNOWN,7200.503411000001,2157,2612,2157,2612
2076_10_s60_random,2076_10,CPU_LIMIT_UNKNOWN,7200.626679,2157,2612,2157,2612
2076_11_s24_defect,2076_11,OPTIMAL_UNCERTIFIED,2.152521,2157,2584,2157,2584
2076_11_s24_random,2076_11,OPTIMAL_UNCERTIFIED,2.153444,2157,2584,2157,2584
2076_11_s40_defect,2076_11,OPTIMAL_UNCERTIFIED,1601.1978669999999,2157,2584,2157,2584
2076_11_s40_random,2076_11,OPTIMAL_UNCERTIFIED,5.453157,2157,2584,2157,2584
2076_11_s60_defect,2076_11,CPU_LIMIT_UNKNOWN,7200.443711,2157,2584,2157,2584
2076_11_s60_random,2076_11,CPU_LIMIT_UNKNOWN,7200.423013,2157,2584,2157,2584
2076_12_s24_defect,2076_12,OPTIMAL_UNCERTIFIED,2.226797,2125,2560,2125,2560
2076_12_s24_random,2076_12,OPTIMAL_UNCERTIFIED,2.30827,2125,2560,2125,2560
2076_12_s40_defect,2076_12,OPTIMAL_UNCERTIFIED,98.33668,2125,2560,2125,2560
2076_12_s40_random,2076_12,OPTIMAL_UNCERTIFIED,5.296929,2125,2560,2125,2560
2076_12_s60_defect,2076_12,CPU_LIMIT_UNKNOWN,7200.342326999999,2125,2560,2125,2560
2076_12_s60_random,2076_12,CPU_LIMIT_UNKNOWN,7200.315021,2125,2560,2125,2560
2077_01_s24_defect,2077_01,OPTIMAL_UNCERTIFIED,2.298838,2077,2436,2077,2436
2077_01_s24_random,2077_01,OPTIMAL_UNCERTIFIED,2.205663,2077,2436,2077,2436
2077_01_s40_defect,2077_01,OPTIMAL_UNCERTIFIED,5.505483,2077,2436,2077,2436
2077_01_s40_random,2077_01,OPTIMAL_UNCERTIFIED,144.53380900000002,2077,2436,2077,2436
2077_01_s60_defect,2077_01,CPU_LIMIT_UNKNOWN,7200.485683999999,2077,2436,2077,2436
2077_01_s60_random,2077_01,CPU_LIMIT_UNKNOWN,7200.453527000001,2077,2436,2077,2436
2077_02_s24_defect,2077_02,OPTIMAL_UNCERTIFIED,2.061771,2085,2460,2085,2460
2077_02_s24_random,2077_02,OPTIMAL_UNCERTIFIED,2.0288589999999997,2085,2460,2085,2460
2077_02_s40_defect,2077_02,OPTIMAL_UNCERTIFIED,6.582131,2085,2460,2085,2460
2077_02_s40_random,2077_02,OPTIMAL_UNCERTIFIED,5.339948,2085,2460,2085,2460
2077_02_s60_defect,2077_02,CPU_LIMIT_UNKNOWN,7200.424562,2085,2460,2085,2460
2077_02_s60_random,2077_02,CPU_LIMIT_UNKNOWN,7200.4908239999995,2085,2460,2085,2460
2077_03_s24_defect,2077_03,OPTIMAL_UNCERTIFIED,2.076947,2088,2450,2088,2450
2077_03_s24_random,2077_03,OPTIMAL_UNCERTIFIED,2.39016,2088,2450,2088,2450
2077_03_s40_defect,2077_03,OPTIMAL_UNCERTIFIED,5.368390000000001,2088,2450,2088,2450
2077_03_s40_random,2077_03,OPTIMAL_UNCERTIFIED,5.501265,2088,2450,2088,2450
2077_03_s60_defect,2077_03,CPU_LIMIT_UNKNOWN,7200.477414999999,2088,2450,2088,2450
2077_03_s60_random,2077_03,CPU_LIMIT_UNKNOWN,7200.543430000001,2088,2450,2088,2450
2077_04_s24_defect,2077_04,RIGID_BOUNDARY_VERIFIED,0,2088,2466,2088,2466
2077_04_s24_random,2077_04,OPTIMAL_UNCERTIFIED,2.112232,2088,2466,2088,2466
2077_04_s40_defect,2077_04,OPTIMAL_UNCERTIFIED,6.355446,2088,2466,2088,2466
2077_04_s40_random,2077_04,OPTIMAL_UNCERTIFIED,12.740717,2088,2466,2088,2466
2077_04_s60_defect,2077_04,CPU_LIMIT_UNKNOWN,7200.531172,2088,2466,2088,2466
2077_04_s60_random,2077_04,CPU_LIMIT_UNKNOWN,7200.411675,2088,2466,2088,2466
2077_05_s24_defect,2077_05,RIGID_BOUNDARY_VERIFIED,0,2089,2460,2089,2460
2077_05_s24_random,2077_05,OPTIMAL_UNCERTIFIED,2.295784,2089,2460,2089,2460
2077_05_s40_defect,2077_05,OPTIMAL_UNCERTIFIED,5.789891,2089,2460,2089,2460
2077_05_s40_random,2077_05,OPTIMAL_UNCERTIFIED,5.637862,2089,2460,2089,2460
2077_05_s60_defect,2077_05,CPU_LIMIT_UNKNOWN,7200.344416,2089,2460,2089,2460
2077_05_s60_random,2077_05,CPU_LIMIT_UNKNOWN,7200.351936,2089,2460,2089,2460
2077_06_s24_defect,2077_06,OPTIMAL_UNCERTIFIED,2.073188,2089,2468,2089,2468
2077_06_s24_random,2077_06,OPTIMAL_UNCERTIFIED,2.119109,2089,2468,2089,2468
2077_06_s40_defect,2077_06,OPTIMAL_UNCERTIFIED,5.42011,2089,2468,2089,2468
2077_06_s40_random,2077_06,OPTIMAL_UNCERTIFIED,5.763648,2089,2468,2089,2468
2077_06_s60_defect,2077_06,CPU_LIMIT_UNKNOWN,7200.482319,2089,2468,2089,2468
2077_06_s60_random,2077_06,CPU_LIMIT_UNKNOWN,7200.506978,2089,2468,2089,2468
2077_07_s24_defect,2077_07,OPTIMAL_UNCERTIFIED,2.12909,2177,2582,2177,2582
2077_07_s24_random,2077_07,OPTIMAL_UNCERTIFIED,2.373955,2177,2582,2177,2582
2077_07_s40_defect,2077_07,OPTIMAL_UNCERTIFIED,5.807972,2177,2582,2177,2582
2077_07_s40_random,2077_07,OPTIMAL_UNCERTIFIED,10.748797,2177,2582,2177,2582
2077_07_s60_defect,2077_07,CPU_LIMIT_UNKNOWN,7200.595376,2177,2582,2177,2582
2077_07_s60_random,2077_07,CPU_LIMIT_UNKNOWN,7200.507251,2177,2582,2177,2582
2077_08_s24_defect,2077_08,OPTIMAL_UNCERTIFIED,2.2762249999999997,2139,2516,2139,2516
2077_08_s24_random,2077_08,RIGID_BOUNDARY_VERIFIED,0,2139,2516,2139,2516
2077_08_s40_defect,2077_08,OPTIMAL_UNCERTIFIED,168.035467,2139,2516,2139,2516
2077_08_s40_random,2077_08,OPTIMAL_UNCERTIFIED,5.486257,2139,2516,2139,2516
2077_08_s60_defect,2077_08,CPU_LIMIT_UNKNOWN,7200.410364,2139,2516,2127,2498
2077_08_s60_random,2077_08,CPU_LIMIT_UNKNOWN,7200.46948,2139,2516,2139,2516
2077_09_s24_defect,2077_09,OPTIMAL_UNCERTIFIED,2.206105,2170,2590,2170,2590
2077_09_s24_random,2077_09,OPTIMAL_UNCERTIFIED,2.255645,2170,2590,2170,2590
2077_09_s40_defect,2077_09,OPTIMAL_UNCERTIFIED,40.960390999999994,2170,2590,2170,2590
2077_09_s40_random,2077_09,OPTIMAL_UNCERTIFIED,4981.282556,2170,2590,2170,2590
2077_09_s60_defect,2077_09,CPU_LIMIT_UNKNOWN,7200.511819,2170,2590,2170,2590
2077_09_s60_random,2077_09,CPU_LIMIT_UNKNOWN,7200.526994999999,2170,2590,2170,2590
2077_10_s24_defect,2077_10,OPTIMAL_UNCERTIFIED,2.3954210000000002,2171,2562,2171,2562
2077_10_s24_random,2077_10,OPTIMAL_UNCERTIFIED,2.03131,2171,2562,2171,2562
2077_10_s40_defect,2077_10,OPTIMAL_UNCERTIFIED,5.648887,2171,2562,2171,2562
2077_10_s40_random,2077_10,OPTIMAL_UNCERTIFIED,7.254724,2171,2562,2171,2562
2077_10_s60_defect,2077_10,CPU_LIMIT_UNKNOWN,7200.4987360000005,2171,2562,2171,2562
2077_10_s60_random,2077_10,CPU_LIMIT_UNKNOWN,7200.440741,2171,2562,2171,2562
2077_11_s24_defect,2077_11,OPTIMAL_UNCERTIFIED,2.320645,2176,2588,2176,2588
2077_11_s24_random,2077_11,OPTIMAL_UNCERTIFIED,2.138579,2176,2588,2176,2588
2077_11_s40_defect,2077_11,OPTIMAL_UNCERTIFIED,5.313694999999999,2176,2588,2176,2588
2077_11_s40_random,2077_11,OPTIMAL_UNCERTIFIED,5.156856,2176,2588,2176,2588
2077_11_s60_defect,2077_11,CPU_LIMIT_UNKNOWN,7200.464986999999,2176,2588,2176,2588
2077_11_s60_random,2077_11,CPU_LIMIT_UNKNOWN,7200.431311,2176,2588,2176,2588
2077_12_s24_defect,2077_12,OPTIMAL_UNCERTIFIED,2.352382,2128,2518,2128,2518
2077_12_s24_random,2077_12,OPTIMAL_UNCERTIFIED,1.9456529999999999,2128,2518,2128,2518
2077_12_s40_defect,2077_12,OPTIMAL_UNCERTIFIED,6.288799,2128,2518,2128,2518
2077_12_s40_random,2077_12,CPU_LIMIT_UNKNOWN,7200.226015,2128,2518,2128,2518
2077_12_s60_defect,2077_12,CPU_LIMIT_UNKNOWN,7200.276281,2128,2518,2128,2518
2077_12_s60_random,2077_12,CPU_LIMIT_UNKNOWN,7200.28488,2128,2518,2128,2518
