objective;arm;founder;n;strictly_improved_lines;changed_lines;start_objective_best;end_objective_best;returned_objective_best;W_start_best;W_end_best;W_ever_returned_best;W_start_mean;W_end_mean;L1_start_best;L1_end_best;L1_ever_returned_best;L1_start_mean;L1_end_mean;F_start_best;F_end_best;F_ever_returned_best;F_start_mean;F_end_mean;Linf_start_best;Linf_end_best;Linf_ever_returned_best;Linf_start_mean;Linf_end_mean
L1;omega;ALL;32;12;12;[2718];[2718];[2718];2110;2114;2110;2273.28125;2289.03125;2718;2718;2718;3227.5;3135.0625;3926;3926;3926;6405.0625;5623.1875;3;3;3;6.46875;6.34375
L1;omega;A_legacy_best_hard;8;0;0;[2718];[2718];[2718];2175;2175;2175;2218.5;2218.5;2718;2718;2718;2788.5;2788.5;3926;3926;3926;4070;4070;4;4;4;4.5;4.5
L1;omega;B_maple_20260829;11;11;11;[3512];[3304];[3298];2110;2114;2110;2219.6363636363635;2266.3636363636365;3512;3304;3298;3660.7272727272725;3392.909090909091;9364;6192;6060;9791.636363636364;7518.909090909091;10;8;8;10;9.636363636363637
L1;omega;H_Z14_invariant_A99;3;1;1;[2940];[2940];[2940];2295;2285;2282;2301.6666666666665;2298.3333333333335;2940;2940;2940;2961.3333333333335;2957.3333333333335;4312;4312;4312;4418;4411.333333333333;3;3;3;3.6666666666666665;3.6666666666666665
L1;omega;H_minus_Z2_template_A99;5;0;0;[3118];[3118];[3118];2341;2341;2331;2369.8;2369.8;3118;3118;3118;3183.6;3183.6;4980;4980;4980;5151.2;5151.2;5;5;5;5;5
L1;omega;H_plus_Z2_template_A99;5;0;0;[3122];[3122];[3118];2331;2331;2331;2365.4;2365.4;3122;3122;3118;3180.4;3180.4;5016;5016;4980;5136.8;5136.8;5;5;5;5;5
L1;lambda;ALL;32;30;30;[2398];[2398];[2398];2182;2182;2182;2499.75;2404.59375;2398;2398;2398;3007.125;2840.5;2836;2836;2836;4105.5;3759.5;3;3;3;3.8125;3.4375
L1;lambda;hog57177;7;7;7;[3742];[3082];[3082];2822;2467;2461;2824.8571428571427;2516.714285714286;3742;3082;3082;3757.4285714285716;3139.714285714286;5832;4408;4408;5886.285714285715;4486.857142857143;4;4;4;4.857142857142857;4
L1;lambda;hog57200;7;7;7;[2916];[2896];[2896];2474;2425;2416;2489.1428571428573;2446.1428571428573;2916;2896;2896;2956.285714285714;2898.5714285714284;3848;3824;3824;3937.714285714286;3857.714285714286;4;4;4;4;4
L1;lambda;hog57271;7;7;7;[2798];[2780];[2780];2420;2378;2378;2451.1428571428573;2393;2798;2780;2780;2850.5714285714284;2790;3580;3584;3580;3687.4285714285716;3610.8571428571427;3;3;3;3.7142857142857144;3
L1;lambda;hog57328;7;7;7;[2768];[2764];[2764];2394;2360;2359;2409.1428571428573;2384.8571428571427;2768;2764;2764;2799.4285714285716;2776.285714285714;3540;3540;3540;3609.714285714286;3589.1428571428573;3;3;3;3.142857142857143;3
L1;lambda;hog57338;4;2;2;[2398];[2398];[2398];2182;2182;2182;2193;2190.5;2398;2398;2398;2420.5;2416;2836;2836;2836;2882;2873;3;3;3;3;3
L2;omega;ALL;32;12;12;[3926];[3926];[3926];2110;2175;2110;2273.28125;2327.25;2718;2718;2718;3227.5;3095.1875;3926;3926;3926;6405.0625;5057.4375;3;3;3;6.46875;5.96875
L2;omega;A_legacy_best_hard;8;0;0;[3926];[3926];[3926];2175;2175;2175;2218.5;2218.5;2718;2718;2718;2788.5;2788.5;3926;3926;3926;4070;4070;4;4;4;4.5;4.5
L2;omega;B_maple_20260829;11;11;11;[9364];[5522];[4980];2110;2323;2110;2219.6363636363635;2377.5454545454545;3512;3170;3118;3660.7272727272725;3276.909090909091;9364;5522;4980;9791.636363636364;5873.090909090909;10;8;5;10;8.545454545454545
L2;omega;H_Z14_invariant_A99;3;1;1;[4312];[4312];[4312];2295;2285;2285;2301.6666666666665;2298.3333333333335;2940;2940;2940;2961.3333333333335;2957.3333333333335;4312;4312;4312;4418;4411.333333333333;3;3;3;3.6666666666666665;3.6666666666666665
L2;omega;H_minus_Z2_template_A99;5;0;0;[4980];[4980];[4980];2341;2341;2331;2369.8;2369.8;3118;3118;3118;3183.6;3183.6;4980;4980;4980;5151.2;5151.2;5;5;5;5;5
L2;omega;H_plus_Z2_template_A99;5;0;0;[5016];[5016];[4980];2331;2331;2331;2365.4;2365.4;3122;3122;3118;3180.4;3180.4;5016;5016;4980;5136.8;5136.8;5;5;5;5;5
L2;lambda;ALL;32;27;27;[2836];[2836];[2836];2182;2182;2182;2499.75;2429.3125;2398;2398;2398;3007.125;2846.5625;2836;2836;2836;4105.5;3717.5;3;3;3;3.8125;3.40625
L2;lambda;hog57177;7;7;7;[5832];[4188];[4144];2822;2527;2522;2824.8571428571427;2576.8571428571427;3742;3066;3044;3757.4285714285716;3146.8571428571427;5832;4188;4144;5886.285714285715;4350.857142857143;4;3;3;4.857142857142857;3.7142857142857144
L2;lambda;hog57200;7;7;7;[3848];[3824];[3824];2474;2453;2451;2489.1428571428573;2465.8571428571427;2916;2900;2900;2956.285714285714;2906.8571428571427;3848;3824;3824;3937.714285714286;3836.5714285714284;4;4;4;4;4
L2;lambda;hog57271;7;6;6;[3580];[3580];[3580];2420;2385;2385;2451.1428571428573;2408.714285714286;2798;2780;2780;2850.5714285714284;2796.285714285714;3580;3580;3580;3687.4285714285716;3595.4285714285716;3;3;3;3.7142857142857144;3
L2;lambda;hog57328;7;5;5;[3540];[3540];[3540];2394;2393;2379;2409.1428571428573;2400.4285714285716;2768;2768;2768;2799.4285714285716;2781.1428571428573;3540;3540;3540;3609.714285714286;3569.714285714286;3;3;3;3.142857142857143;3.142857142857143
L2;lambda;hog57338;4;2;2;[2836];[2836];[2836];2182;2182;2182;2193;2193.75;2398;2398;2398;2420.5;2418;2836;2836;2836;2882;2873;3;3;3;3;3
Linf;omega;ALL;32;12;12;[3, 56, 2940];[3, 56, 2940];[3, 56, 2940];2110;2175;2110;2273.28125;2327.96875;2718;2718;2718;3227.5;3108.75;3926;3926;3926;6405.0625;5116.0625;3;3;3;6.46875;5.75
Linf;omega;A_legacy_best_hard;8;0;0;[4, 6, 2718];[4, 6, 2718];[4, 6, 2718];2175;2175;2175;2218.5;2218.5;2718;2718;2718;2788.5;2788.5;3926;3926;3926;4070;4070;4;4;4;4.5;4.5
Linf;omega;B_maple_20260829;11;11;11;[10, 30, 3656];[7, 2, 3324];[7, 2, 3324];2110;2301;2110;2219.6363636363635;2379.6363636363635;3512;3172;3172;3660.7272727272725;3316.3636363636365;9364;5596;5596;9791.636363636364;6043.636363636364;10;7;7;10;7.909090909090909
Linf;omega;H_Z14_invariant_A99;3;1;1;[3, 56, 2940];[3, 56, 2940];[3, 56, 2940];2295;2285;2285;2301.6666666666665;2298.3333333333335;2940;2940;2940;2961.3333333333335;2957.3333333333335;4312;4312;4312;4418;4411.333333333333;3;3;3;3.6666666666666665;3.6666666666666665
Linf;omega;H_minus_Z2_template_A99;5;0;0;[5, 2, 3118];[5, 2, 3118];[5, 2, 3118];2341;2341;2331;2369.8;2369.8;3118;3118;3118;3183.6;3183.6;4980;4980;4980;5151.2;5151.2;5;5;5;5;5
Linf;omega;H_plus_Z2_template_A99;5;0;0;[5, 2, 3122];[5, 2, 3122];[5, 2, 3118];2331;2331;2331;2365.4;2365.4;3122;3122;3118;3180.4;3180.4;5016;5016;4980;5136.8;5136.8;5;5;5;5;5
Linf;lambda;ALL;32;32;32;[3, 3, 2398];[2, 321, 2670];[2, 321, 2670];2182;2254;2182;2499.75;2540.5;2398;2530;2398;3007.125;3053.25;2836;3084;2836;4105.5;4095.375;3;2;2;3.8125;2.96875
Linf;lambda;hog57177;7;7;7;[4, 10, 3754];[3, 12, 3370];[3, 9, 3276];2822;2654;2639;2824.8571428571427;2695;3742;3296;3276;3757.4285714285716;3371.4285714285716;5832;4588;4548;5886.285714285715;4754.285714285715;4;3;3;4.857142857142857;3
Linf;lambda;hog57200;7;7;7;[4, 2, 2916];[3, 4, 3192];[3, 4, 3192];2474;2520;2456;2489.1428571428573;2609.1428571428573;2916;3030;2908;2956.285714285714;3180;3848;4076;3848;3937.714285714286;4340;4;3;3;4;3
Linf;lambda;hog57271;7;7;7;[3, 13, 2798];[3, 4, 2972];[3, 4, 2972];2420;2436;2410;2451.1428571428573;2483.8571428571427;2798;2864;2796;2850.5714285714284;2938;3580;3740;3580;3687.4285714285716;3858.8571428571427;3;3;3;3.7142857142857144;3
Linf;lambda;hog57328;7;7;7;[3, 13, 2768];[3, 5, 2976];[3, 4, 2986];2394;2453;2384;2409.1428571428573;2512.714285714286;2768;2904;2764;2799.4285714285716;2986;3540;3820;3540;3609.714285714286;3946.8571428571427;3;3;3;3.142857142857143;3
Linf;lambda;hog57338;4;4;4;[3, 3, 2398];[2, 321, 2670];[2, 321, 2670];2182;2254;2182;2193;2297.75;2398;2530;2398;2420.5;2594;2836;3084;2836;2882;3188;3;2;2;3;2.75
