run,id,W,L1,F,Linf,Nmax,class,state,last_lex_cpu_s
D,V2-W2102-0,2096,2480,3272,3,12,21c3abcae6e67172f206e5e3226fc6c06c8dd03c27ac2a975ac714b76131d691,f112c54bed6adc21d5035d8c7d9f7d41592bced8d070f80128d88ab8a9ea3413,5951.634660000001
D,V2-W2102-1,2102,2478,3260,3,15,997facadcf00ffc52f7efe8c76887211823462b9842b45b4d16085b14146822b,16f362089adc9f3f2aa5caec41373bff58c16cf06e2484bf827cdce4dd6fcb3f,0.0
D,V2-W2107-0,2102,2478,3260,3,15,997facadcf00ffc52f7efe8c76887211823462b9842b45b4d16085b14146822b,16f362089adc9f3f2aa5caec41373bff58c16cf06e2484bf827cdce4dd6fcb3f,914.64288
D,V2-W2107-1,2102,2478,3260,3,15,997facadcf00ffc52f7efe8c76887211823462b9842b45b4d16085b14146822b,16f362089adc9f3f2aa5caec41373bff58c16cf06e2484bf827cdce4dd6fcb3f,126.70963400000001
D,V2-W2108-0,2102,2478,3260,3,15,997facadcf00ffc52f7efe8c76887211823462b9842b45b4d16085b14146822b,16f362089adc9f3f2aa5caec41373bff58c16cf06e2484bf827cdce4dd6fcb3f,875.983801
D,V2-W2108-1,2101,2450,3172,3,12,c65e7f8bda0f0cb3643b8bb4e0a4edb9704c38a03d149b891cf196133902cec2,8ec17815f1d238c136b9da3c6e0c4c033ea97f816017fe25d1424e7baab65876,4039.936118
D,V3-claude_v01_c-0,2214,2822,4152,4,5,026e06dd907f6eca29ed1eaf43ef82d6ac13485aa82f08a088b590e55484c0fe,918caee2db9166e836b0ddee05ee6bf14fecc9164b72fc27b59dad1d18a55b8a,25123.716556
D,V3-claude_v01_c-1,2203,2748,3936,4,2,e5c93b3ae06c984f1d8ad2b2da414400b6f1a41ae88e2e7f13540e26e266f6f1,0a49a077487bef450d529c07efb126c5d822bd4d53c6585d0d01e889d43ad3e8,20551.079014
D,V3-gen-lambda-03-0,2196,2790,4116,4,4,c473f69e7c0b2156e5edb5cce4d581dd8d7f07cb5e97523c95a200314baff830,006007943404d1ebfe30579a1465ff0f5ba2e34c6474e37ba49739df48dffdb7,22270.150163
D,V3-gen-lambda-03-1,2214,2814,4100,4,3,066e60fd26ab485882efdcc768c94ed90823818a0e3a5a32080a890cd2a76fa7,30e71f8a353df21bd21729299349f251b616c81b8fee30dc3fed674729afdf40,15981.212849
D,V3-gen-lambda-11-0,2228,2818,4084,3,43,5994cf66a951ab8cc370ead408e50e7331fd728f995fa92fe3325198dc136ee4,3981d37f254d6ee1503c4447b174855b519256f6f65caab4b8a0dfbd30bc5322,11040.94361
D,V3-gen-lambda-11-1,2177,2734,3916,3,34,2bdb3ccc626a91546221bccf7b6a1a742878cd011b80d14b7b242a7f5ccc9949,66556e6f7d5fc261e2d49375345eae53f72fa9b4a9aa2315745832223a1b5fe6,26687.168406
D,V3-gen-lambda-13-0,2216,2798,4048,4,4,a5c8808b6886bcde64164c82680d1ac856e81930bba5792e24d7f74baf2bdf8d,ad5f40143f6e9936aabae82963c2931452f08b70a2033187069bfb6318aa0de3,21527.857423
D,V3-gen-lambda-13-1,2227,2830,4120,3,42,01def025693d48453c6dac985cffeeba7e84fa1fc84dbe2d10c27b47d2eed1b7,5c0cc19c50b8e2f94df462ce993b96c8de5551d2b151cce3e0492f8fad180a75,22090.739337
F,F-W2096-0,2088,2472,3268,3,14,10e2e88d4cd027b729ba5dd0a4663dccc44abb6ecfbe7a720f50685f5280c2f5,99c040ffc28c8397fe1438022fdbc93436bbeedc73707bf98355fc18b5237851,13196.529457
F,F-W2096-1,2081,2488,3336,3,17,f05528126b136e2074263e3372919aafe0cd776010dfdce237fd7c942e30100a,90aedefe4a3ab87c39770a6125ea031a5f8176f36c692833dd46b823c0e1f7ac,10331.576528000001
F,F-W2096-2,2091,2488,3316,4,1,716ea07d41637e66cb73cdffb632f2089b402130ef0d4fde949e67fa9bf7495a,00dd1085c96905e51e0406662e7cc76acab4912f5bdef92cd227191033ff142b,8824.784167
F,F-W2096-3,2081,2488,3336,3,17,f05528126b136e2074263e3372919aafe0cd776010dfdce237fd7c942e30100a,90aedefe4a3ab87c39770a6125ea031a5f8176f36c692833dd46b823c0e1f7ac,7204.639846
F,F-W2101-0,2092,2448,3196,4,1,5c96fb4b3400f37cd83df65eb465dbd410bae191bffe462f5ff6872c6a10a47c,1a3d9e795bc8b09da2b249f081209079050687ab0678898049e92d0d7cda69fb,2272.226733
F,F-W2101-1,2092,2448,3196,4,1,5c96fb4b3400f37cd83df65eb465dbd410bae191bffe462f5ff6872c6a10a47c,1a3d9e795bc8b09da2b249f081209079050687ab0678898049e92d0d7cda69fb,6446.723333
F,F-W2101-2,2092,2448,3196,4,1,5c96fb4b3400f37cd83df65eb465dbd410bae191bffe462f5ff6872c6a10a47c,1a3d9e795bc8b09da2b249f081209079050687ab0678898049e92d0d7cda69fb,5004.717989
F,F-W2101-3,2092,2448,3196,4,1,5c96fb4b3400f37cd83df65eb465dbd410bae191bffe462f5ff6872c6a10a47c,1a3d9e795bc8b09da2b249f081209079050687ab0678898049e92d0d7cda69fb,5919.013836
O,F-W2081-0,2079,2484,3328,3,17,bc18a7fbba534269ef4f4dd1d5de926d16cc09928feb8e94ae18d082b9c8932a,7acadd045b482adc296b57ee94153c5d84bef37031acd0425d9fcd11139b25ef,10903.751166
O,F-W2081-1,2076,2488,3352,3,20,a49787a89c19e7bd28a63906316055f1cac3e6c910d4c1fa03c52894c7768afc,8169eba8e1f2bf78eb655d99b94844a1eb5056df828e8c610a3778d537a7d0fe,17104.213744
O,F-W2081-2,2076,2488,3352,3,20,a49787a89c19e7bd28a63906316055f1cac3e6c910d4c1fa03c52894c7768afc,8169eba8e1f2bf78eb655d99b94844a1eb5056df828e8c610a3778d537a7d0fe,8512.402552
O,F-W2081-3,2079,2484,3328,3,17,bc18a7fbba534269ef4f4dd1d5de926d16cc09928feb8e94ae18d082b9c8932a,7acadd045b482adc296b57ee94153c5d84bef37031acd0425d9fcd11139b25ef,7203.13772
O,F-W2081-4,2076,2488,3352,3,20,a49787a89c19e7bd28a63906316055f1cac3e6c910d4c1fa03c52894c7768afc,8169eba8e1f2bf78eb655d99b94844a1eb5056df828e8c610a3778d537a7d0fe,12082.964462
O,F-W2081-5,2078,2490,3360,3,23,86fa58205ca55dcc5977c2832ec7cdf305d5f481588e9afd6d2ca1f3c852d4f7,81558708b5f027b580d8e029a63bdb4e18d8d297919ade1bdb4b3909f874a5e4,22199.863617
O,F-W2092-0,2077,2436,3180,3,13,04ef357d68a09ac6c807bc1188ad78f219bc09bb4e1d28390f1775d0de8b3717,136bad89e063ba84bbc4201cfa5be21db6d511852602ad861a4d2c0e0ef8e49c,3653.9965340000003
O,F-W2092-1,2084,2458,3232,3,13,52242f98170e0c5c4c165e470c492022fe7b21d5d58495e96f5bec5d41d37c45,d4532429db139246342a7a54c5ca12e9de41d2f67492fbd78a30b5ec270df28c,23361.807756
