job,cpu_seconds,W,L1,F,Linf,Nmax
V1-00-P,0.0,2180,2398,2840,3,3
V1-00-P,2.574078,2169,2392,2844,3,3
V1-00-P,3.151188,2164,2398,2872,3,3
V1-00-P,3.5342189999999998,2159,2404,2900,3,3
V1-00-P,3.9081189999999997,2156,2416,2948,3,6
V1-00-P,4.385003,2155,2416,2948,3,5
V1-00-P,446.07735099999996,2153,2430,3000,3,8
V1-00-P,3071.464711,2148,2410,2952,3,9
V1-00-PCesc,0.0,2180,2398,2840,3,3
V1-00-PCesc,2.384054,2169,2392,2844,3,3
V1-00-PCesc,2.843066,2164,2398,2872,3,3
V1-00-PCesc,3.263901,2159,2404,2900,3,3
V1-00-PCesc,3.6483269999999997,2156,2416,2948,3,6
V1-00-PCesc,4.063498,2155,2416,2948,3,5
V1-00-PCesc,581.61566,2149,2446,3056,3,8
V1-00-PCesc,1293.8764979999999,2147,2456,3092,3,9
V1-00-PCesc,1294.3011740000002,2146,2458,3100,3,9
V1-00-PCesc,1294.723939,2145,2468,3136,3,11
V1-00-PCesc,2166.985628,2141,2476,3172,3,13
V1-00-PCesc,2841.90189,2140,2504,3268,4,2
V1-00-PCesc,2842.3159859999996,2135,2496,3252,4,2
V1-01-P,0.0,2180,2398,2840,3,3
V1-01-P,36.682306,2178,2418,2904,3,3
V1-01-P,37.17527,2174,2416,2908,3,4
V1-01-P,37.637313999999996,2171,2420,2928,3,5
V1-01-P,162.752779,2169,2392,2844,3,3
V1-01-P,163.17088600000002,2164,2398,2872,3,3
V1-01-P,163.56457699999999,2159,2404,2900,3,3
V1-01-P,164.007463,2155,2416,2948,3,5
V1-01-P,367.087441,2154,2424,2976,3,6
V1-01-P,367.468091,2153,2430,3000,3,8
V1-01-P,1693.159603,2149,2408,2936,3,5
V1-01-P,2150.139551,2147,2418,2972,3,6
V1-01-P,2150.489458,2147,2416,2964,3,5
V1-01-P,2150.946428,2147,2410,2944,3,4
V1-01-P,2276.5506769999997,2146,2428,3004,3,6
V1-01-P,2277.084677,2144,2424,2996,3,6
V1-01-P,2277.5791759999997,2138,2440,3060,3,8
V1-01-P,2326.1135369999997,2134,2436,3056,3,8
V1-01-P,2326.542764,2133,2442,3076,3,8
V1-01-P,2327.0420010000003,2132,2442,3080,3,9
V1-01-P,3240.5068100000003,2126,2460,3156,3,14
V1-01-PCesc,0.0,2180,2398,2840,3,3
V1-01-PCesc,39.507991000000004,2178,2418,2904,3,3
V1-01-PCesc,40.003309,2174,2416,2908,3,4
V1-01-PCesc,40.380825,2171,2420,2928,3,5
V1-01-PCesc,207.682558,2169,2392,2844,3,3
V1-01-PCesc,208.251232,2164,2398,2872,3,3
V1-01-PCesc,208.689032,2159,2404,2900,3,3
V1-01-PCesc,209.147747,2155,2416,2948,3,5
V1-01-PCesc,658.190069,2150,2460,3096,3,8
V1-01-PCesc,1154.538362,2150,2418,2968,3,7
V1-01-PCesc,1155.022579,2149,2408,2936,3,5
V1-01-PCesc,2332.102612,2148,2434,3024,3,9
V1-01-PCesc,2404.337242,2143,2434,3036,3,10
V1-01-PCesc,2470.183467,2138,2436,3052,3,10
V1-02-P,0.0,2180,2398,2840,3,3
V1-02-P,119.513156,2178,2424,2928,3,6
V1-02-P,119.920218,2168,2402,2880,3,5
V1-02-P,120.45014,2163,2408,2908,3,5
V1-02-P,120.932203,2159,2408,2916,3,5
V1-02-P,121.479256,2157,2412,2932,3,5
V1-02-P,122.005032,2155,2420,2960,3,5
V1-02-P,122.413174,2153,2430,3000,3,8
V1-02-P,988.050606,2152,2406,2924,3,5
V1-02-P,988.568222,2151,2412,2944,3,5
V1-02-P,989.0775629999999,2149,2424,2988,3,7
V1-02-P,1430.7708949999999,2146,2428,3004,3,6
V1-02-P,2010.914762,2145,2430,3008,3,4
V1-02-P,2011.430399,2140,2436,3036,3,4
V1-02-P,3151.7373509999998,2139,2458,3124,3,14
V1-02-PCesc,0.0,2180,2398,2840,3,3
V1-02-PCesc,173.16015,2178,2424,2928,3,6
V1-02-PCesc,173.612355,2168,2402,2880,3,5
V1-02-PCesc,174.098366,2163,2408,2908,3,5
V1-02-PCesc,174.539249,2159,2408,2916,3,5
V1-02-PCesc,175.029345,2157,2412,2932,3,5
V1-02-PCesc,175.548578,2155,2420,2960,3,5
V1-02-PCesc,176.04309,2153,2430,3000,3,8
V1-02-PCesc,1740.3972800000001,2150,2460,3096,3,8
V1-02-PCesc,2767.6890919999996,2146,2432,3016,3,6
V1-02-PCesc,3543.2743100000002,2141,2434,3036,4,1
V1-02-PCesc,3543.717568,2139,2436,3048,4,1
V1-03-P,0.0,2180,2398,2840,3,3
V1-03-P,144.10852300000002,2177,2404,2864,3,3
V1-03-P,144.56400100000002,2164,2398,2872,3,3
V1-03-P,144.99275699999998,2159,2404,2900,3,3
V1-03-P,145.537343,2156,2416,2948,3,6
V1-03-P,145.88430400000001,2155,2416,2948,3,5
V1-03-P,271.84797100000003,2153,2430,3000,3,8
V1-03-P,816.753469,2152,2406,2924,3,5
V1-03-P,817.253137,2151,2412,2944,3,5
V1-03-P,817.712851,2149,2424,2988,3,7
V1-03-P,1296.224218,2148,2444,3052,3,8
V1-03-P,1296.701803,2146,2456,3092,3,8
V1-03-P,1297.1771840000001,2145,2452,3080,3,7
V1-03-P,1297.587511,2144,2456,3096,3,8
V1-03-P,1913.4749069999998,2144,2438,3036,3,5
V1-03-P,3470.992029,2143,2458,3108,3,10
V1-03-PCesc,0.0,2180,2398,2840,3,3
V1-03-PCesc,191.40645999999998,2177,2404,2864,3,3
V1-03-PCesc,191.810757,2164,2398,2872,3,3
V1-03-PCesc,192.190942,2159,2404,2900,3,3
V1-03-PCesc,192.68546099999998,2156,2416,2948,3,6
V1-03-PCesc,193.12635799999998,2155,2416,2948,3,5
V1-03-PCesc,345.893902,2153,2430,3000,3,8
V1-03-PCesc,2026.7300659999999,2150,2478,3156,3,11
V1-03-PCesc,2027.220686,2148,2482,3172,3,11
V1-03-PCesc,3104.9963979999998,2147,2444,3056,3,9
V1-03-PCesc,3225.236346,2146,2456,3092,3,8
V1-03-PCesc,3225.639386,2145,2452,3080,3,7
V1-03-PCesc,3226.093573,2144,2456,3096,3,8
V1-04-P,0.0,2180,2398,2840,3,3
V1-04-P,4.884253,2168,2402,2880,3,5
V1-04-P,5.2807759999999995,2163,2408,2908,3,5
V1-04-P,5.673959,2161,2416,2936,3,5
V1-04-P,6.228658,2159,2404,2900,3,3
V1-04-P,6.653222,2156,2416,2948,3,6
V1-04-P,6.999333,2155,2416,2948,3,5
V1-04-P,395.026307,2149,2496,3212,3,11
V1-04-P,1776.7070589999998,2147,2508,3252,3,11
V1-04-PCesc,0.0,2180,2398,2840,3,3
V1-04-PCesc,4.676964,2168,2402,2880,3,5
V1-04-PCesc,5.188967,2163,2408,2908,3,5
V1-04-PCesc,5.693206,2161,2416,2936,3,5
V1-04-PCesc,6.152092000000001,2159,2404,2900,3,3
V1-04-PCesc,6.620086,2156,2416,2948,3,6
V1-04-PCesc,7.129836999999999,2155,2416,2948,3,5
V1-04-PCesc,908.51525,2154,2424,2972,3,4
V1-04-PCesc,908.979718,2152,2418,2960,3,5
V1-04-PCesc,909.512431,2151,2418,2964,3,6
V1-04-PCesc,1300.297619,2150,2460,3096,3,8
V1-04-PCesc,2974.32764,2148,2478,3164,3,13
V1-04-PCesc,2974.765643,2146,2484,3188,3,14
V1-04-PCesc,2975.252595,2146,2474,3156,3,13
V1-05-P,0.0,2180,2398,2840,3,3
V1-05-P,35.180839,2178,2408,2876,3,4
V1-05-P,35.589049,2169,2392,2844,3,3
V1-05-P,36.056271,2164,2398,2872,3,3
V1-05-P,36.546608,2159,2404,2900,3,3
V1-05-P,37.008587000000006,2156,2416,2948,3,6
V1-05-P,37.450614,2155,2416,2948,3,5
V1-05-P,346.058539,2154,2440,3028,3,8
V1-05-P,1161.190982,2153,2430,3000,3,8
V1-05-P,2344.189698,2152,2436,3024,3,10
V1-05-PCesc,0.0,2180,2398,2840,3,3
V1-05-PCesc,34.540547000000004,2178,2408,2876,3,4
V1-05-PCesc,34.944880000000005,2169,2392,2844,3,3
V1-05-PCesc,35.562039,2164,2398,2872,3,3
V1-05-PCesc,36.022812,2159,2404,2900,3,3
V1-05-PCesc,36.465599,2156,2416,2948,3,6
V1-05-PCesc,36.965459,2155,2416,2948,3,5
V1-05-PCesc,411.249694,2153,2430,3000,3,8
V1-05-PCesc,757.745326,2152,2406,2924,3,5
V1-05-PCesc,758.202184,2151,2412,2944,3,5
V1-05-PCesc,758.6924799999999,2149,2424,2988,3,7
V1-05-PCesc,1276.8655430000001,2148,2444,3052,3,8
V1-05-PCesc,1277.318182,2146,2456,3092,3,8
V1-05-PCesc,1277.8156450000001,2145,2452,3080,3,7
V1-05-PCesc,1278.243417,2144,2456,3096,3,8
V1-05-PCesc,1361.051176,2141,2480,3188,4,1
V1-05-PCesc,2028.583332,2137,2478,3192,3,16
V1-05-PCesc,2029.06877,2136,2480,3200,3,16
V1-05-PCesc,2401.320171,2135,2492,3240,3,17
V1-05-PCesc,2401.789259,2134,2486,3220,3,15
V1-05-PCesc,3341.1628079999996,2132,2492,3248,3,18
V1-06-P,0.0,2180,2398,2840,3,3
V1-06-P,67.841943,2179,2408,2872,3,3
V1-06-P,68.372965,2177,2416,2904,3,5
V1-06-P,68.795718,2176,2406,2876,3,5
V1-06-P,69.230808,2174,2424,2940,3,8
V1-06-P,69.651674,2173,2434,2972,3,8
V1-06-P,70.1092,2171,2442,3000,3,8
V1-06-P,70.631378,2167,2436,2988,3,7
V1-06-P,71.097955,2163,2416,2932,3,5
V1-06-P,71.555296,2162,2406,2904,3,5
V1-06-P,130.666818,2159,2404,2900,3,3
V1-06-P,131.093708,2156,2416,2948,3,6
V1-06-P,131.504387,2155,2416,2948,3,5
V1-06-P,1211.56385,2154,2424,2976,3,6
V1-06-P,1212.107876,2153,2430,3000,3,8
V1-06-P,2771.127034,2150,2458,3092,3,9
V1-06-P,3137.932225,2150,2452,3080,3,12
V1-06-P,3541.849861,2148,2468,3140,3,16
V1-06-P,3542.3426750000003,2135,2458,3132,3,14
V1-06-P,3542.814249,2134,2448,3104,3,14
V1-06-PCesc,0.0,2180,2398,2840,3,3
V1-06-PCesc,71.768435,2179,2408,2872,3,3
V1-06-PCesc,72.144487,2177,2416,2904,3,5
V1-06-PCesc,72.60422799999999,2176,2406,2876,3,5
V1-06-PCesc,73.10751,2174,2424,2940,3,8
V1-06-PCesc,73.631249,2173,2434,2972,3,8
V1-06-PCesc,74.067318,2171,2442,3000,3,8
V1-06-PCesc,74.49488500000001,2167,2436,2988,3,7
V1-06-PCesc,75.015454,2163,2416,2932,3,5
V1-06-PCesc,75.43704100000001,2162,2406,2904,3,5
V1-06-PCesc,139.87814,2159,2404,2900,3,3
V1-06-PCesc,140.32144,2156,2416,2948,3,6
V1-06-PCesc,140.79190599999998,2155,2416,2948,3,5
V1-06-PCesc,384.797793,2153,2430,3000,3,8
V1-07-P,0.0,2180,2398,2840,3,3
V1-07-P,134.669056,2178,2472,3076,3,8
V1-07-P,135.05440900000002,2175,2480,3108,3,9
V1-07-P,135.56655800000001,2171,2476,3104,3,9
V1-07-P,215.533062,2164,2412,2916,3,4
V1-07-P,216.011527,2162,2420,2944,3,4
V1-07-P,241.063131,2160,2418,2944,3,5
V1-07-P,327.749156,2157,2440,3020,3,7
V1-07-P,328.22491499999995,2153,2452,3072,3,11
V1-07-P,328.64615999999995,2150,2448,3064,3,10
V1-07-P,329.148633,2147,2460,3108,3,11
V1-07-P,1047.662245,2147,2436,3024,3,5
V1-07-P,1353.702013,2146,2444,3052,3,6
V1-07-P,2919.1598350000004,2135,2454,3108,3,8
V1-07-P,2919.649159,2135,2452,3104,3,9
V1-07-PCesc,0.0,2180,2398,2840,3,3
V1-07-PCesc,182.343668,2178,2472,3076,3,8
V1-07-PCesc,182.79945400000003,2175,2480,3108,3,9
V1-07-PCesc,183.21365600000001,2171,2476,3104,3,9
V1-07-PCesc,284.960094,2164,2412,2916,3,4
V1-07-PCesc,285.368727,2162,2420,2944,3,4
V1-07-PCesc,317.449528,2160,2418,2944,3,5
V1-07-PCesc,414.551678,2156,2416,2948,3,6
V1-07-PCesc,414.90808499999997,2155,2416,2948,3,5
V1-07-PCesc,522.8854,2154,2456,3076,3,8
V1-07-PCesc,523.365406,2152,2456,3080,3,8
V1-07-PCesc,523.822404,2150,2468,3124,3,10
V1-07-PCesc,2000.55605,2149,2436,3016,3,3
V1-07-PCesc,2146.105233,2148,2438,3024,3,3
V1-07-PCesc,2146.618689,2142,2436,3032,3,4
V1-07-PCesc,2147.0486769999998,2139,2430,3020,3,4
V1-07-PCesc,3075.503162,2136,2486,3208,3,11
V1-07-PCesc,3075.989243,2134,2482,3204,3,13
V1-07-PCesc,3076.43871,2129,2462,3152,3,12
V1-07-PCesc,3076.868341,2126,2474,3200,3,15
V3-claude_v01_c-0,0.0,2712,3570,5440,4,6
V3-claude_v01_c-0,1.1869310000000002,2706,3548,5380,4,6
V3-claude_v01_c-0,7.602282000000001,2692,3498,5256,4,5
V3-claude_v01_c-0,8.027714999999999,2675,3474,5212,4,5
V3-claude_v01_c-0,8.441713,2664,3456,5180,4,4
V3-claude_v01_c-0,8.831534000000001,2654,3446,5168,4,4
V3-claude_v01_c-0,9.215374,2645,3434,5148,4,4
V3-claude_v01_c-0,9.599204,2636,3424,5132,4,4
V3-claude_v01_c-0,9.957904999999998,2627,3418,5132,4,4
V3-claude_v01_c-0,10.321132,2615,3400,5108,4,4
V3-claude_v01_c-0,10.70999,2607,3384,5080,4,6
V3-claude_v01_c-0,11.176575,2599,3372,5064,4,6
V3-claude_v01_c-0,11.641997,2588,3360,5048,4,6
V3-claude_v01_c-0,12.141171,2580,3350,5028,4,6
V3-claude_v01_c-0,12.533483,2574,3340,5008,4,4
V3-claude_v01_c-0,12.971412,2565,3324,4972,4,4
V3-claude_v01_c-0,13.376531,2552,3314,4972,4,4
V3-claude_v01_c-0,13.823288,2545,3306,4960,4,4
V3-claude_v01_c-0,14.254432,2538,3306,4972,4,4
V3-claude_v01_c-0,14.644929000000001,2528,3302,4980,4,3
V3-claude_v01_c-0,15.052828,2522,3292,4956,4,4
V3-claude_v01_c-0,15.426589,2516,3284,4940,4,4
V3-claude_v01_c-0,15.824431,2509,3272,4912,4,3
V3-claude_v01_c-0,16.178544,2486,3242,4872,4,3
V3-claude_v01_c-0,16.567517,2482,3232,4852,4,3
V3-claude_v01_c-0,16.931483,2473,3214,4816,4,3
V3-claude_v01_c-0,17.298282,2471,3204,4784,4,2
V3-claude_v01_c-0,17.769334999999998,2468,3208,4800,4,2
V3-claude_v01_c-0,18.08848,2467,3218,4832,4,2
V3-claude_v01_c-0,46.102389,2464,3208,4824,4,4
V3-claude_v01_c-0,46.491647,2455,3190,4784,4,4
V3-claude_v01_c-0,46.825735,2449,3184,4776,4,4
V3-claude_v01_c-0,47.205436,2448,3182,4776,4,5
V3-claude_v01_c-0,47.591581,2444,3168,4748,4,5
V3-claude_v01_c-0,48.036861,2443,3152,4696,4,5
V3-claude_v01_c-0,48.495492000000006,2436,3136,4660,4,5
V3-claude_v01_c-0,48.924574,2432,3140,4688,4,6
V3-claude_v01_c-0,49.283516,2428,3134,4680,4,6
V3-claude_v01_c-0,65.51192400000001,2428,3098,4528,4,1
V3-claude_v01_c-0,65.868229,2421,3092,4528,4,1
V3-claude_v01_c-0,66.221887,2416,3080,4500,4,1
V3-claude_v01_c-0,66.53925799999999,2414,3064,4452,4,1
V3-claude_v01_c-0,66.899944,2411,3056,4436,4,1
V3-claude_v01_c-0,67.26894800000001,2410,3056,4436,4,1
V3-claude_v01_c-0,67.60790399999999,2410,3054,4428,4,1
V3-claude_v01_c-0,67.980268,2409,3054,4432,4,1
V3-claude_v01_c-0,68.287206,2392,3028,4388,4,1
V3-claude_v01_c-0,68.618635,2390,3032,4404,4,1
V3-claude_v01_c-0,69.010615,2385,3024,4388,4,1
V3-claude_v01_c-0,153.495055,2384,3072,4552,4,2
V3-claude_v01_c-0,153.833349,2379,3056,4512,4,2
V3-claude_v01_c-0,154.188341,2376,3046,4492,4,2
V3-claude_v01_c-0,154.519376,2375,3052,4516,4,3
V3-claude_v01_c-0,154.88835300000002,2373,3044,4488,4,3
V3-claude_v01_c-0,155.216067,2372,3034,4448,4,3
V3-claude_v01_c-0,155.553974,2370,3044,4488,4,3
V3-claude_v01_c-0,155.88243799999998,2367,3044,4504,4,4
V3-claude_v01_c-0,156.193963,2360,3030,4472,4,3
V3-claude_v01_c-0,156.534302,2360,3014,4420,4,2
V3-claude_v01_c-0,156.920186,2354,3016,4440,4,2
V3-claude_v01_c-0,157.241673,2347,3006,4424,4,2
V3-claude_v01_c-0,157.558304,2342,2998,4408,4,2
V3-claude_v01_c-0,504.343546,2329,2970,4332,4,3
V3-claude_v01_c-0,504.659549,2323,2978,4376,4,3
V3-claude_v01_c-0,505.016098,2319,2974,4372,4,3
V3-claude_v01_c-0,781.565644,2319,2972,4364,4,2
V3-claude_v01_c-0,781.863969,2318,2976,4376,4,2
V3-claude_v01_c-0,897.7414020000001,2318,2952,4320,4,1
V3-claude_v01_c-0,898.0913350000001,2318,2950,4316,4,1
V3-claude_v01_c-0,898.427042,2315,2958,4344,4,1
V3-claude_v01_c-0,956.311989,2312,2954,4344,5,1
V3-claude_v01_c-0,956.6256030000001,2311,2956,4352,5,1
V3-claude_v01_c-0,957.0101070000001,2310,2958,4360,5,1
V3-claude_v01_c-0,1104.236198,2307,2972,4420,5,1
V3-claude_v01_c-0,1104.6504750000001,2307,2964,4392,5,1
V3-claude_v01_c-0,1343.291195,2305,2936,4292,4,1
V3-claude_v01_c-0,1343.606228,2304,2934,4284,4,1
V3-claude_v01_c-0,1383.0313170000002,2300,2930,4284,4,3
V3-claude_v01_c-0,1486.4907249999999,2298,2938,4316,4,3
V3-claude_v01_c-0,1535.206529,2297,2928,4312,4,3
V3-claude_v01_c-0,1535.5603959999999,2295,2922,4296,4,3
V3-claude_v01_c-0,1535.899075,2292,2910,4264,4,2
V3-claude_v01_c-0,1536.242669,2290,2916,4292,4,2
V3-claude_v01_c-0,1536.57018,2288,2914,4292,4,2
V3-claude_v01_c-0,1536.95702,2288,2908,4272,4,2
V3-claude_v01_c-0,1601.65191,2287,2894,4204,4,1
V3-claude_v01_c-0,1675.714912,2285,2886,4208,4,2
V3-claude_v01_c-0,1930.497178,2284,2890,4224,4,2
V3-claude_v01_c-0,1930.810223,2283,2896,4240,4,2
V3-claude_v01_c-0,2036.635267,2280,2884,4200,4,1
V3-claude_v01_c-0,2036.968411,2279,2876,4176,4,1
V3-claude_v01_c-0,2037.2997779999998,2278,2880,4192,4,1
V3-claude_v01_c-0,2037.640698,2277,2888,4220,4,1
V3-claude_v01_c-0,2037.952555,2276,2878,4204,4,2
V3-claude_v01_c-0,2918.139714,2273,2884,4216,4,1
V3-claude_v01_c-0,2918.456509,2272,2878,4200,4,1
V3-claude_v01_c-0,3186.68914,2266,2866,4160,4,2
V3-claude_v01_c-0,3186.996205,2266,2860,4136,4,1
V3-claude_v01_c-0,4888.89167,2265,2862,4172,4,3
V3-claude_v01_c-0,5203.208989999999,2264,2866,4172,4,1
V3-claude_v01_c-0,5203.527467,2262,2866,4184,4,2
V3-claude_v01_c-1,0.0,2712,3570,5440,4,6
V3-claude_v01_c-1,1.752405,2705,3568,5452,4,5
V3-claude_v01_c-1,2.148555,2690,3554,5436,4,5
V3-claude_v01_c-1,2.557233,2677,3536,5420,4,6
V3-claude_v01_c-1,2.961235,2662,3518,5388,4,4
V3-claude_v01_c-1,3.455286,2648,3506,5376,4,4
V3-claude_v01_c-1,3.8935210000000002,2632,3482,5332,4,3
V3-claude_v01_c-1,4.378347,2610,3448,5268,4,3
V3-claude_v01_c-1,4.783402,2600,3438,5264,4,4
V3-claude_v01_c-1,5.178972,2592,3418,5204,4,3
V3-claude_v01_c-1,5.647920999999999,2580,3408,5196,4,3
V3-claude_v01_c-1,6.026517,2573,3400,5192,4,4
V3-claude_v01_c-1,6.466641,2565,3392,5180,4,3
V3-claude_v01_c-1,6.869824,2559,3388,5180,4,3
V3-claude_v01_c-1,7.2916110000000005,2555,3374,5144,4,3
V3-claude_v01_c-1,7.704502,2549,3362,5116,4,2
V3-claude_v01_c-1,8.125629,2541,3354,5108,4,2
V3-claude_v01_c-1,8.523339,2534,3340,5088,4,2
V3-claude_v01_c-1,8.942147,2528,3324,5044,4,2
V3-claude_v01_c-1,9.294618,2519,3306,5004,4,2
V3-claude_v01_c-1,9.699453,2513,3302,5004,4,2
V3-claude_v01_c-1,10.083775,2509,3290,4976,4,2
V3-claude_v01_c-1,10.491727999999998,2501,3288,4988,4,1
V3-claude_v01_c-1,10.855844999999999,2495,3278,4972,4,1
V3-claude_v01_c-1,11.245458,2490,3274,4968,3,63
V3-claude_v01_c-1,11.611671,2486,3256,4928,3,66
V3-claude_v01_c-1,11.988788,2479,3244,4912,4,1
V3-claude_v01_c-1,12.321738999999999,2474,3230,4876,4,1
V3-claude_v01_c-1,12.698952,2471,3226,4864,3,64
V3-claude_v01_c-1,13.06028,2467,3224,4864,3,63
V3-claude_v01_c-1,13.398057,2467,3218,4840,3,60
V3-claude_v01_c-1,13.825634,2462,3212,4828,3,58
V3-claude_v01_c-1,14.186838,2460,3214,4840,3,59
V3-claude_v01_c-1,14.555231000000001,2458,3218,4860,3,61
V3-claude_v01_c-1,29.311653999999997,2458,3192,4792,4,4
V3-claude_v01_c-1,29.680207,2454,3190,4792,4,3
V3-claude_v01_c-1,30.004108000000002,2454,3184,4776,4,3
V3-claude_v01_c-1,30.344849,2443,3164,4732,4,3
V3-claude_v01_c-1,30.706319,2435,3158,4724,4,2
V3-claude_v01_c-1,31.039601,2428,3142,4684,4,2
V3-claude_v01_c-1,31.416994,2421,3136,4680,4,2
V3-claude_v01_c-1,31.77495,2419,3140,4700,4,2
V3-claude_v01_c-1,32.130333,2419,3132,4676,4,2
V3-claude_v01_c-1,32.458722,2419,3126,4660,4,2
V3-claude_v01_c-1,32.825275999999995,2418,3130,4676,4,2
V3-claude_v01_c-1,33.13816,2414,3124,4672,4,2
V3-claude_v01_c-1,33.594047,2408,3118,4664,4,2
V3-claude_v01_c-1,33.932828,2407,3112,4648,4,2
V3-claude_v01_c-1,34.278475,2403,3114,4656,4,2
V3-claude_v01_c-1,34.589408,2403,3110,4640,4,2
V3-claude_v01_c-1,48.422044,2402,3144,4772,4,6
V3-claude_v01_c-1,48.871694,2399,3142,4768,4,6
V3-claude_v01_c-1,49.220173,2396,3136,4748,4,5
V3-claude_v01_c-1,170.16143799999998,2396,3060,4480,4,3
V3-claude_v01_c-1,295.905284,2395,3126,4732,4,6
V3-claude_v01_c-1,296.221794,2392,3120,4720,4,6
V3-claude_v01_c-1,296.621443,2382,3106,4696,4,6
V3-claude_v01_c-1,296.94647000000003,2374,3102,4704,4,7
V3-claude_v01_c-1,297.39527400000003,2372,3100,4704,4,7
V3-claude_v01_c-1,297.765717,2371,3102,4708,4,7
V3-claude_v01_c-1,430.173167,2368,3090,4668,4,6
V3-claude_v01_c-1,430.490349,2367,3092,4680,4,7
V3-claude_v01_c-1,430.81710599999997,2366,3100,4708,4,7
V3-claude_v01_c-1,431.167566,2365,3098,4700,4,7
V3-claude_v01_c-1,505.46090100000004,2364,3038,4504,4,3
V3-claude_v01_c-1,505.864145,2363,3040,4512,4,3
V3-claude_v01_c-1,530.905278,2362,3064,4588,4,2
V3-claude_v01_c-1,727.395369,2358,3032,4492,4,4
V3-claude_v01_c-1,727.80681,2353,3028,4484,4,3
V3-claude_v01_c-1,728.133833,2350,3018,4460,4,3
V3-claude_v01_c-1,728.45103,2345,3012,4448,4,3
V3-claude_v01_c-1,728.773699,2344,3008,4436,4,3
V3-claude_v01_c-1,1130.5778559999999,2343,2964,4296,4,1
V3-claude_v01_c-1,1130.938977,2341,2966,4308,4,1
V3-claude_v01_c-1,1131.325217,2340,2964,4304,4,1
V3-claude_v01_c-1,1131.754335,2337,2962,4312,4,2
V3-claude_v01_c-1,1132.1295460000001,2335,2952,4288,4,2
V3-claude_v01_c-1,1169.4216450000001,2334,2964,4316,4,1
V3-claude_v01_c-1,1169.7605250000001,2332,2954,4292,4,1
V3-claude_v01_c-1,1170.0941229999999,2325,2952,4304,4,1
V3-claude_v01_c-1,1170.4258980000002,2324,2952,4304,4,2
V3-claude_v01_c-1,1170.754863,2323,2952,4308,4,1
V3-claude_v01_c-1,1171.1023679999998,2319,2954,4328,4,2
V3-claude_v01_c-1,1171.4640920000002,2318,2960,4352,4,2
V3-claude_v01_c-1,1286.149389,2317,2958,4364,4,4
V3-claude_v01_c-1,1332.412824,2316,2956,4348,4,3
V3-claude_v01_c-1,1332.7282719999998,2316,2946,4316,4,3
V3-claude_v01_c-1,1333.088659,2315,2952,4336,4,3
V3-claude_v01_c-1,1333.4391170000001,2313,2954,4348,4,3
V3-claude_v01_c-1,1333.751828,2310,2952,4348,4,3
V3-claude_v01_c-1,1737.0454809999999,2306,2938,4316,4,3
V3-claude_v01_c-1,1737.372194,2305,2940,4324,4,3
V3-claude_v01_c-1,1737.7026290000001,2303,2940,4328,4,3
V3-claude_v01_c-1,1738.156005,2295,2910,4252,4,3
V3-claude_v01_c-1,1738.491024,2289,2908,4248,4,1
V3-claude_v01_c-1,1738.820919,2288,2902,4228,4,1
V3-claude_v01_c-1,1739.155682,2288,2894,4208,4,1
V3-claude_v01_c-1,2800.131261,2287,2918,4284,4,1
V3-claude_v01_c-1,2800.4628940000002,2285,2914,4276,4,1
V3-claude_v01_c-1,4173.286906,2283,2882,4192,4,1
V3-claude_v01_c-1,4173.624962,2280,2886,4204,4,1
V3-claude_v01_c-1,4208.387168,2277,2902,4256,4,1
V3-claude_v01_c-1,4208.700736,2275,2908,4280,4,1
V3-claude_v01_c-1,4209.010770999999,2274,2912,4300,4,1
V3-claude_v01_c-1,5437.219482,2273,2854,4120,4,4
V3-claude_v01_c-1,5437.609602,2272,2854,4124,4,4
V3-claude_v01_c-1,5744.721398,2268,2882,4220,4,2
V3-claude_v01_c-1,6984.224198,2267,2888,4244,4,2
V3-claude_v01_c-1,6984.542733,2266,2888,4248,4,2
V3-claude_v01_c-1,6984.864236,2265,2882,4224,4,2
V3-claude_v01_c-1,6985.183645,2259,2882,4252,4,3
V3-gen-lambda-03-0,0.0,2640,3432,5148,3,66
V3-gen-lambda-03-0,1.622728,2629,3414,5140,4,2
V3-gen-lambda-03-0,2.057156,2620,3410,5156,4,3
V3-gen-lambda-03-0,2.47982,2611,3400,5148,4,4
V3-gen-lambda-03-0,2.9021,2602,3398,5168,4,5
V3-gen-lambda-03-0,3.3722830000000004,2595,3394,5176,4,5
V3-gen-lambda-03-0,3.767685,2588,3392,5192,4,6
V3-gen-lambda-03-0,4.167568,2579,3376,5156,4,5
V3-gen-lambda-03-0,4.6293359999999995,2573,3374,5172,4,5
V3-gen-lambda-03-0,5.024716000000001,2564,3350,5112,4,5
V3-gen-lambda-03-0,5.46581,2554,3344,5120,4,6
V3-gen-lambda-03-0,5.987346,2547,3342,5140,4,7
V3-gen-lambda-03-0,6.427109,2542,3338,5136,4,8
V3-gen-lambda-03-0,6.85691,2537,3336,5144,4,9
V3-gen-lambda-03-0,7.268064,2533,3326,5128,4,10
V3-gen-lambda-03-0,7.6686250000000005,2529,3326,5140,4,11
V3-gen-lambda-03-0,8.113733,2526,3318,5116,4,10
V3-gen-lambda-03-0,8.516435000000001,2519,3308,5100,4,10
V3-gen-lambda-03-0,8.994575,2504,3288,5068,4,10
V3-gen-lambda-03-0,9.442857,2500,3282,5056,4,10
V3-gen-lambda-03-0,9.931052999999999,2496,3286,5084,4,10
V3-gen-lambda-03-0,10.285968,2491,3280,5084,4,11
V3-gen-lambda-03-0,10.640721,2486,3282,5104,4,11
V3-gen-lambda-03-0,10.986993,2482,3286,5116,4,11
V3-gen-lambda-03-0,11.34306,2479,3290,5136,4,11
V3-gen-lambda-03-0,11.763247,2478,3286,5128,4,12
V3-gen-lambda-03-0,12.169726,2478,3276,5092,4,11
V3-gen-lambda-03-0,12.624711,2475,3280,5116,4,12
V3-gen-lambda-03-0,12.971581,2472,3284,5144,4,14
V3-gen-lambda-03-0,13.378539,2468,3284,5156,4,14
V3-gen-lambda-03-0,13.737093,2463,3284,5168,4,14
V3-gen-lambda-03-0,14.094643,2460,3276,5140,4,12
V3-gen-lambda-03-0,14.475441,2458,3270,5128,4,12
V3-gen-lambda-03-0,14.909935,2456,3274,5148,4,11
V3-gen-lambda-03-0,15.365072,2450,3268,5136,4,11
V3-gen-lambda-03-0,15.74329,2446,3258,5112,4,12
V3-gen-lambda-03-0,16.179629000000002,2442,3246,5084,4,12
V3-gen-lambda-03-0,16.581994,2440,3252,5104,4,13
V3-gen-lambda-03-0,16.980207999999998,2438,3254,5104,4,11
V3-gen-lambda-03-0,17.439930999999998,2434,3244,5080,4,10
V3-gen-lambda-03-0,17.79961,2434,3232,5040,4,9
V3-gen-lambda-03-0,18.180492,2433,3238,5064,4,9
V3-gen-lambda-03-0,18.533388,2433,3230,5032,4,9
V3-gen-lambda-03-0,19.050752,2433,3224,5008,4,9
V3-gen-lambda-03-0,19.503234,2432,3218,4988,4,9
V3-gen-lambda-03-0,19.897558,2430,3222,5008,4,9
V3-gen-lambda-03-0,20.230449,2429,3210,4972,4,9
V3-gen-lambda-03-0,90.535109,2429,3206,4936,4,5
V3-gen-lambda-03-0,90.902552,2428,3210,4952,4,5
V3-gen-lambda-03-0,91.23135500000001,2428,3208,4940,4,4
V3-gen-lambda-03-0,91.58932300000001,2425,3200,4916,4,3
V3-gen-lambda-03-0,155.29136499999998,2422,3156,4780,4,2
V3-gen-lambda-03-0,155.674583,2416,3154,4788,4,2
V3-gen-lambda-03-0,156.095451,2411,3148,4776,4,2
V3-gen-lambda-03-0,156.429002,2411,3142,4760,4,2
V3-gen-lambda-03-0,156.789456,2409,3158,4824,4,3
V3-gen-lambda-03-0,157.128952,2408,3154,4812,4,4
V3-gen-lambda-03-0,248.353185,2406,3150,4824,4,10
V3-gen-lambda-03-0,248.71870900000002,2403,3144,4812,4,10
V3-gen-lambda-03-0,249.067146,2400,3132,4784,4,10
V3-gen-lambda-03-0,249.420458,2399,3126,4772,4,11
V3-gen-lambda-03-0,249.76305100000002,2397,3124,4776,4,11
V3-gen-lambda-03-0,250.11462500000002,2395,3122,4776,4,11
V3-gen-lambda-03-0,250.460266,2394,3128,4796,4,11
V3-gen-lambda-03-0,250.805367,2388,3124,4796,4,11
V3-gen-lambda-03-0,284.59936100000004,2387,3116,4752,4,7
V3-gen-lambda-03-0,284.963055,2383,3116,4760,4,7
V3-gen-lambda-03-0,285.34877400000005,2379,3100,4716,4,7
V3-gen-lambda-03-0,285.71290500000003,2377,3098,4716,4,7
V3-gen-lambda-03-0,286.05276599999996,2375,3086,4692,4,7
V3-gen-lambda-03-0,286.568689,2369,3086,4700,4,7
V3-gen-lambda-03-0,286.992803,2366,3080,4684,4,7
V3-gen-lambda-03-0,287.391309,2362,3066,4644,4,7
V3-gen-lambda-03-0,287.750644,2361,3060,4628,4,7
V3-gen-lambda-03-0,288.06995,2361,3044,4568,4,7
V3-gen-lambda-03-0,346.00062199999996,2359,3074,4664,4,8
V3-gen-lambda-03-0,346.306538,2359,3062,4620,4,8
V3-gen-lambda-03-0,346.622132,2357,3056,4600,4,7
V3-gen-lambda-03-0,496.616194,2357,3054,4588,4,6
V3-gen-lambda-03-0,496.921274,2356,3060,4608,4,6
V3-gen-lambda-03-0,671.547178,2353,3068,4648,4,8
V3-gen-lambda-03-0,671.8656090000001,2350,3054,4608,4,7
V3-gen-lambda-03-0,672.1862560000001,2347,3048,4596,4,7
V3-gen-lambda-03-0,826.470989,2347,3044,4584,4,5
V3-gen-lambda-03-0,826.8737040000001,2343,3030,4544,4,4
V3-gen-lambda-03-0,827.315277,2340,3026,4540,4,4
V3-gen-lambda-03-0,827.63077,2338,3030,4556,4,4
V3-gen-lambda-03-0,827.943368,2335,3022,4536,4,4
V3-gen-lambda-03-0,856.123609,2332,3020,4512,4,5
V3-gen-lambda-03-0,856.464791,2331,3008,4476,4,5
V3-gen-lambda-03-0,856.801519,2327,3004,4460,4,3
V3-gen-lambda-03-0,1431.715825,2326,3016,4540,4,2
V3-gen-lambda-03-0,1432.055026,2325,3020,4552,4,2
V3-gen-lambda-03-0,1776.8756309999999,2325,3008,4524,4,4
V3-gen-lambda-03-0,1819.729599,2324,3002,4496,4,3
V3-gen-lambda-03-0,1820.0567700000001,2323,3000,4488,4,3
V3-gen-lambda-03-0,1826.96381,2320,2992,4476,4,4
V3-gen-lambda-03-0,1855.572254,2319,2996,4492,4,4
V3-gen-lambda-03-0,1855.893348,2316,2990,4476,4,4
V3-gen-lambda-03-0,2085.6022249999996,2311,2978,4452,4,4
V3-gen-lambda-03-0,2086.01752,2306,2968,4432,4,4
V3-gen-lambda-03-0,2086.454509,2302,2956,4400,4,4
V3-gen-lambda-03-0,2086.841082,2301,2950,4384,4,4
V3-gen-lambda-03-0,2208.2973230000002,2300,2972,4456,4,5
V3-gen-lambda-03-0,2208.612499,2297,2972,4460,4,5
V3-gen-lambda-03-0,2806.30884,2288,2932,4348,4,4
V3-gen-lambda-03-0,2806.63103,2287,2926,4332,4,4
V3-gen-lambda-03-0,2806.9774589999997,2285,2934,4360,4,4
V3-gen-lambda-03-0,3347.4186649999997,2281,2916,4304,4,4
V3-gen-lambda-03-0,3347.756453,2277,2908,4292,4,4
V3-gen-lambda-03-0,3348.094689,2274,2906,4300,4,4
V3-gen-lambda-03-0,3348.409758,2272,2902,4296,4,5
V3-gen-lambda-03-0,3853.5421359999996,2267,2908,4316,4,3
V3-gen-lambda-03-0,3853.87153,2264,2910,4328,4,3
V3-gen-lambda-03-0,3854.1866729999997,2262,2910,4332,4,2
V3-gen-lambda-03-0,4464.400928999999,2261,2860,4180,4,5
V3-gen-lambda-03-0,4464.756079,2259,2858,4180,4,5
V3-gen-lambda-03-0,4465.085175,2259,2850,4156,4,5
V3-gen-lambda-03-0,4641.385015,2255,2866,4228,4,7
V3-gen-lambda-03-0,4641.7274990000005,2251,2860,4216,4,7
V3-gen-lambda-03-0,4642.064878,2249,2862,4224,4,6
V3-gen-lambda-03-0,4735.232697,2248,2858,4208,4,6
V3-gen-lambda-03-0,5353.383207,2241,2876,4276,4,3
V3-gen-lambda-03-0,5718.800998000001,2241,2860,4228,4,6
V3-gen-lambda-03-1,0.0,2640,3432,5148,3,66
V3-gen-lambda-03-1,4.588055000000001,2631,3448,5272,4,4
V3-gen-lambda-03-1,5.038365,2622,3438,5260,4,4
V3-gen-lambda-03-1,5.461063,2613,3434,5276,4,5
V3-gen-lambda-03-1,5.839533,2603,3410,5220,4,6
V3-gen-lambda-03-1,6.297154999999999,2592,3400,5216,4,7
V3-gen-lambda-03-1,6.7325930000000005,2583,3388,5192,4,6
V3-gen-lambda-03-1,7.189943,2574,3384,5208,4,8
V3-gen-lambda-03-1,7.615433,2565,3366,5164,4,7
V3-gen-lambda-03-1,8.027040999999999,2555,3360,5176,4,8
V3-gen-lambda-03-1,8.507007000000002,2548,3360,5204,4,9
V3-gen-lambda-03-1,8.92769,2543,3354,5204,4,10
V3-gen-lambda-03-1,9.341425000000001,2534,3350,5216,4,10
V3-gen-lambda-03-1,9.724229000000001,2529,3344,5208,4,10
V3-gen-lambda-03-1,10.123453000000001,2523,3334,5188,4,10
V3-gen-lambda-03-1,10.56659,2519,3320,5148,4,11
V3-gen-lambda-03-1,10.971405,2512,3318,5160,4,11
V3-gen-lambda-03-1,11.340300000000001,2507,3308,5144,4,11
V3-gen-lambda-03-1,11.736365,2501,3302,5144,4,12
V3-gen-lambda-03-1,12.130563,2498,3296,5128,4,12
V3-gen-lambda-03-1,12.494470999999999,2488,3290,5116,4,11
V3-gen-lambda-03-1,12.860351,2483,3284,5104,4,11
V3-gen-lambda-03-1,13.247962999999999,2477,3276,5092,4,11
V3-gen-lambda-03-1,13.609463,2471,3264,5060,4,10
V3-gen-lambda-03-1,14.041472,2464,3254,5048,4,10
V3-gen-lambda-03-1,14.416651,2459,3238,5008,4,10
V3-gen-lambda-03-1,14.857585,2452,3222,4968,4,10
V3-gen-lambda-03-1,15.361042,2449,3218,4956,4,9
V3-gen-lambda-03-1,15.751712,2443,3214,4956,4,9
V3-gen-lambda-03-1,16.106094,2438,3216,4968,4,7
V3-gen-lambda-03-1,16.570230000000002,2436,3218,4984,4,7
V3-gen-lambda-03-1,16.940751,2432,3210,4968,4,7
V3-gen-lambda-03-1,17.354427,2427,3206,4968,4,7
V3-gen-lambda-03-1,17.742239,2425,3208,4984,4,7
V3-gen-lambda-03-1,18.181931,2423,3212,5008,4,9
V3-gen-lambda-03-1,18.519217,2420,3208,4996,4,8
V3-gen-lambda-03-1,18.963063000000002,2419,3204,4984,4,7
V3-gen-lambda-03-1,19.317941,2418,3208,5000,4,7
V3-gen-lambda-03-1,19.736556,2413,3212,5024,4,7
V3-gen-lambda-03-1,20.174506,2412,3222,5060,4,7
V3-gen-lambda-03-1,72.783247,2412,3210,4984,4,7
V3-gen-lambda-03-1,105.13533699999999,2410,3168,4832,5,1
V3-gen-lambda-03-1,105.532789,2408,3168,4844,5,1
V3-gen-lambda-03-1,105.88113799999999,2408,3166,4836,5,1
V3-gen-lambda-03-1,281.26630300000005,2408,3148,4792,4,5
V3-gen-lambda-03-1,281.620725,2404,3142,4780,4,5
V3-gen-lambda-03-1,281.98588,2403,3140,4772,4,5
V3-gen-lambda-03-1,282.338569,2401,3148,4800,4,5
V3-gen-lambda-03-1,282.68520099999995,2397,3132,4760,4,5
V3-gen-lambda-03-1,433.68840700000004,2395,3110,4664,4,4
V3-gen-lambda-03-1,434.032866,2393,3100,4636,4,4
V3-gen-lambda-03-1,434.382156,2392,3094,4624,4,4
V3-gen-lambda-03-1,434.73817699999995,2391,3096,4632,4,4
V3-gen-lambda-03-1,435.074429,2388,3092,4620,4,3
V3-gen-lambda-03-1,435.446418,2388,3084,4596,4,3
V3-gen-lambda-03-1,479.174054,2387,3104,4708,4,5
V3-gen-lambda-03-1,479.48809,2386,3102,4696,4,5
V3-gen-lambda-03-1,479.802381,2385,3092,4664,4,4
V3-gen-lambda-03-1,480.12824600000005,2382,3084,4644,4,3
V3-gen-lambda-03-1,480.45493799999997,2381,3082,4640,4,3
V3-gen-lambda-03-1,480.77398999999997,2375,3066,4592,4,2
V3-gen-lambda-03-1,481.14525299999997,2372,3062,4588,4,2
V3-gen-lambda-03-1,481.492241,2370,3058,4580,4,2
V3-gen-lambda-03-1,748.77449,2368,3050,4564,4,3
V3-gen-lambda-03-1,749.140796,2367,3048,4564,4,3
V3-gen-lambda-03-1,749.440632,2362,3044,4560,4,3
V3-gen-lambda-03-1,749.755797,2360,3044,4572,4,3
V3-gen-lambda-03-1,1166.9730410000002,2359,3022,4488,4,1
V3-gen-lambda-03-1,1167.326217,2356,3010,4448,4,1
V3-gen-lambda-03-1,1167.720513,2355,3008,4444,4,1
V3-gen-lambda-03-1,1168.051077,2353,3004,4440,4,2
V3-gen-lambda-03-1,1168.438826,2349,3002,4444,4,2
V3-gen-lambda-03-1,1168.822192,2348,3008,4460,4,2
V3-gen-lambda-03-1,1324.6428930000002,2344,3026,4520,4,2
V3-gen-lambda-03-1,1325.074777,2343,3026,4516,4,2
V3-gen-lambda-03-1,1430.112482,2336,3006,4456,4,2
V3-gen-lambda-03-1,1430.434257,2332,3006,4468,4,2
V3-gen-lambda-03-1,1762.638762,2331,3006,4468,4,2
V3-gen-lambda-03-1,2057.961257,2330,3042,4588,4,1
V3-gen-lambda-03-1,2058.402657,2330,3036,4572,4,2
V3-gen-lambda-03-1,2058.750883,2330,3030,4548,4,2
V3-gen-lambda-03-1,2059.075555,2328,3024,4532,4,1
V3-gen-lambda-03-1,2059.437861,2325,3018,4524,4,2
V3-gen-lambda-03-1,2328.1846219999998,2324,2994,4460,4,3
V3-gen-lambda-03-1,2328.518157,2310,2978,4440,4,3
V3-gen-lambda-03-1,2804.847707,2309,2954,4368,4,2
V3-gen-lambda-03-1,2805.216367,2307,2962,4396,4,2
V3-gen-lambda-03-1,3093.139038,2299,2952,4372,4,4
V3-gen-lambda-03-1,3093.4685130000003,2299,2944,4344,4,4
V3-gen-lambda-03-1,3093.793587,2296,2942,4348,4,4
V3-gen-lambda-03-1,3094.123443,2294,2934,4328,4,4
V3-gen-lambda-03-1,3094.544887,2293,2936,4340,4,4
V3-gen-lambda-03-1,3419.4471000000003,2293,2896,4212,4,6
V3-gen-lambda-03-1,3419.7640469999997,2291,2896,4216,4,6
V3-gen-lambda-03-1,3823.776696,2289,2938,4356,4,5
V3-gen-lambda-03-1,3824.1022129999997,2286,2930,4336,4,5
V3-gen-lambda-03-1,3824.4358439999996,2278,2916,4308,4,5
V3-gen-lambda-03-1,4759.957861,2277,2902,4264,4,5
V3-gen-lambda-03-1,4760.277229,2276,2896,4248,4,5
V3-gen-lambda-03-1,5269.921447000001,2272,2904,4284,4,5
V3-gen-lambda-03-1,5270.257803,2269,2896,4260,4,4
V3-gen-lambda-03-1,5270.694113,2267,2900,4276,4,4
V3-gen-lambda-03-1,5573.773735000001,2267,2890,4228,4,4
V3-gen-lambda-03-1,5602.494780999999,2265,2858,4148,4,5
V3-gen-lambda-03-1,5773.127006,2262,2868,4180,4,5
V3-gen-lambda-03-1,5773.437565,2262,2856,4144,4,5
V3-gen-lambda-03-1,5773.76201,2260,2854,4136,4,4
V3-gen-lambda-03-1,6456.074541,2256,2878,4232,4,5
V3-gen-lambda-03-1,6601.619009999999,2252,2894,4284,4,5
V3-gen-lambda-03-1,6601.994259,2241,2878,4256,4,6
V3-gen-lambda-03-1,6602.306719,2239,2880,4272,4,6
V3-gen-lambda-03-1,6718.968878,2230,2880,4308,4,5
V3-gen-lambda-03-1,7182.641394,2229,2872,4284,4,5
V3-gen-lambda-03-1,7182.964181,2226,2868,4280,4,5
V3-gen-lambda-03-1,7183.281559,2223,2868,4276,4,5
V3-gen-lambda-03-1,7183.598215,2222,2864,4264,4,6
V3-gen-lambda-11-0,0.0,2473,3352,5240,3,65
V3-gen-lambda-11-0,21.543409999999998,2468,3302,5128,4,5
V3-gen-lambda-11-0,21.927345,2462,3290,5100,4,5
V3-gen-lambda-11-0,22.32649,2457,3280,5080,4,5
V3-gen-lambda-11-0,22.673756,2454,3270,5056,4,5
V3-gen-lambda-11-0,23.141538999999998,2452,3256,5012,4,4
V3-gen-lambda-11-0,23.522546000000002,2450,3242,4968,4,5
V3-gen-lambda-11-0,23.924025,2446,3226,4924,4,4
V3-gen-lambda-11-0,24.313231,2444,3216,4892,4,3
V3-gen-lambda-11-0,24.689447,2440,3210,4884,4,3
V3-gen-lambda-11-0,25.05132,2438,3192,4828,4,3
V3-gen-lambda-11-0,25.45509,2436,3190,4832,4,3
V3-gen-lambda-11-0,25.819341,2429,3180,4812,4,3
V3-gen-lambda-11-0,26.216376999999998,2428,3186,4836,4,3
V3-gen-lambda-11-0,51.042058000000004,2426,3190,4860,4,5
V3-gen-lambda-11-0,51.538567,2425,3186,4840,4,5
V3-gen-lambda-11-0,51.903321999999996,2420,3192,4868,4,5
V3-gen-lambda-11-0,52.293503,2418,3188,4860,4,5
V3-gen-lambda-11-0,52.792169,2417,3184,4844,4,4
V3-gen-lambda-11-0,53.163658000000005,2412,3180,4844,4,4
V3-gen-lambda-11-0,53.581109000000005,2407,3176,4844,4,5
V3-gen-lambda-11-0,54.083779,2407,3170,4828,4,5
V3-gen-lambda-11-0,54.501015,2405,3176,4856,4,6
V3-gen-lambda-11-0,54.865367,2404,3176,4864,4,6
V3-gen-lambda-11-0,134.590823,2404,3152,4792,4,6
V3-gen-lambda-11-0,134.926583,2401,3156,4812,4,6
V3-gen-lambda-11-0,194.20170099999999,2400,3154,4792,4,6
V3-gen-lambda-11-0,305.62699100000003,2398,3174,4892,4,4
V3-gen-lambda-11-0,305.949814,2395,3172,4892,4,4
V3-gen-lambda-11-0,391.538814,2394,3142,4780,4,5
V3-gen-lambda-11-0,391.860098,2388,3132,4756,4,5
V3-gen-lambda-11-0,392.194958,2384,3138,4780,4,5
V3-gen-lambda-11-0,400.800242,2382,3118,4740,4,9
V3-gen-lambda-11-0,493.78507399999995,2382,3100,4672,4,4
V3-gen-lambda-11-0,494.199214,2380,3090,4640,4,3
V3-gen-lambda-11-0,494.56560199999996,2379,3084,4620,4,3
V3-gen-lambda-11-0,494.893731,2379,3080,4608,4,3
V3-gen-lambda-11-0,495.233845,2376,3076,4596,4,2
V3-gen-lambda-11-0,593.4830089999999,2373,3092,4688,4,7
V3-gen-lambda-11-0,593.821824,2370,3086,4668,4,5
V3-gen-lambda-11-0,594.14473,2366,3082,4656,4,3
V3-gen-lambda-11-0,720.932544,2366,3074,4644,4,6
V3-gen-lambda-11-0,721.311168,2359,3074,4664,4,6
V3-gen-lambda-11-0,721.7871700000001,2358,3058,4612,4,5
V3-gen-lambda-11-0,810.1934,2357,3016,4468,5,1
V3-gen-lambda-11-0,810.523764,2354,3012,4460,5,1
V3-gen-lambda-11-0,810.840137,2353,3010,4456,5,1
V3-gen-lambda-11-0,990.170637,2352,3038,4548,4,4
V3-gen-lambda-11-0,1048.703087,2352,3030,4512,4,3
V3-gen-lambda-11-0,1176.124274,2352,3006,4424,4,2
V3-gen-lambda-11-0,1176.483045,2350,3012,4448,4,2
V3-gen-lambda-11-0,1190.2683880000002,2346,3022,4492,4,3
V3-gen-lambda-11-0,1271.640414,2339,3028,4560,4,6
V3-gen-lambda-11-0,1272.015121,2336,3016,4528,4,6
V3-gen-lambda-11-0,1272.368313,2333,3016,4528,4,5
V3-gen-lambda-11-0,1272.6909759999999,2332,3012,4516,4,5
V3-gen-lambda-11-0,1307.0906830000001,2332,2992,4420,4,3
V3-gen-lambda-11-0,1307.413765,2327,2976,4380,4,3
V3-gen-lambda-11-0,1307.807986,2326,2968,4352,4,3
V3-gen-lambda-11-0,1308.2366439999998,2325,2960,4328,4,3
V3-gen-lambda-11-0,1308.623956,2320,2956,4328,4,3
V3-gen-lambda-11-0,1309.092011,2319,2958,4336,4,3
V3-gen-lambda-11-0,1485.850894,2319,2954,4328,4,2
V3-gen-lambda-11-0,1486.27511,2319,2944,4300,4,2
V3-gen-lambda-11-0,1486.728436,2314,2938,4288,4,2
V3-gen-lambda-11-0,1487.101838,2314,2936,4284,4,2
V3-gen-lambda-11-0,1830.943816,2311,3000,4520,4,5
V3-gen-lambda-11-0,1831.3387260000002,2310,3002,4528,4,5
V3-gen-lambda-11-0,1893.074008,2309,2962,4396,4,3
V3-gen-lambda-11-0,1893.481089,2304,2952,4368,4,3
V3-gen-lambda-11-0,1893.819781,2302,2952,4376,4,3
V3-gen-lambda-11-0,1894.177801,2300,2956,4384,4,2
V3-gen-lambda-11-0,1894.5010579999998,2300,2954,4384,4,2
V3-gen-lambda-11-0,1894.8391729999998,2297,2962,4416,4,2
V3-gen-lambda-11-0,3307.703384,2297,2898,4200,4,4
V3-gen-lambda-11-0,3308.01879,2294,2902,4224,4,4
V3-gen-lambda-11-0,3808.456635,2291,2944,4388,4,3
V3-gen-lambda-11-0,3820.2983019999997,2291,2904,4236,4,6
V3-gen-lambda-11-0,4897.7318319999995,2289,2882,4168,4,4
V3-gen-lambda-11-0,4898.050177,2285,2880,4172,4,4
V3-gen-lambda-11-0,5038.362183,2280,2886,4200,4,5
V3-gen-lambda-11-0,5198.628945,2278,2938,4388,4,5
V3-gen-lambda-11-0,5286.3365619999995,2273,2934,4388,4,3
V3-gen-lambda-11-0,5286.675076,2269,2920,4348,4,3
V3-gen-lambda-11-0,5924.953608,2267,2918,4340,4,4
V3-gen-lambda-11-0,5932.144907,2265,2858,4148,4,5
V3-gen-lambda-11-1,0.0,2473,3352,5240,3,65
V3-gen-lambda-11-1,19.210956999999997,2469,3272,5048,4,5
V3-gen-lambda-11-1,19.633954,2465,3256,5008,4,6
V3-gen-lambda-11-1,19.996407,2464,3244,4964,4,6
V3-gen-lambda-11-1,20.340702,2463,3236,4936,4,5
V3-gen-lambda-11-1,20.696874,2461,3218,4884,4,6
V3-gen-lambda-11-1,21.061362,2458,3224,4908,4,6
V3-gen-lambda-11-1,21.394088,2452,3218,4908,4,6
V3-gen-lambda-11-1,21.735816,2443,3212,4912,4,6
V3-gen-lambda-11-1,22.121039,2442,3210,4904,4,5
V3-gen-lambda-11-1,22.461717,2439,3196,4864,4,5
V3-gen-lambda-11-1,22.811314,2432,3194,4876,4,5
V3-gen-lambda-11-1,23.173645999999998,2427,3190,4880,4,5
V3-gen-lambda-11-1,23.513257999999997,2423,3190,4888,4,5
V3-gen-lambda-11-1,23.874346,2421,3192,4896,4,6
V3-gen-lambda-11-1,24.316508,2420,3190,4888,4,6
V3-gen-lambda-11-1,24.672769000000002,2418,3184,4872,4,6
V3-gen-lambda-11-1,25.118393,2407,3166,4836,4,6
V3-gen-lambda-11-1,25.492539999999998,2406,3160,4812,4,6
V3-gen-lambda-11-1,25.903546,2405,3160,4828,4,8
V3-gen-lambda-11-1,26.241581,2400,3148,4796,4,7
V3-gen-lambda-11-1,26.617309000000002,2398,3150,4808,4,7
V3-gen-lambda-11-1,27.063615,2398,3144,4792,4,7
V3-gen-lambda-11-1,27.432219999999997,2389,3134,4784,4,7
V3-gen-lambda-11-1,251.822989,2387,3126,4768,4,5
V3-gen-lambda-11-1,252.13872899999998,2386,3130,4780,4,5
V3-gen-lambda-11-1,285.415199,2386,3128,4764,4,6
V3-gen-lambda-11-1,285.752696,2382,3112,4720,4,5
V3-gen-lambda-11-1,286.15907,2378,3114,4728,4,5
V3-gen-lambda-11-1,286.545113,2378,3112,4720,4,5
V3-gen-lambda-11-1,286.87219500000003,2376,3100,4684,4,5
V3-gen-lambda-11-1,398.16028,2368,3054,4532,4,4
V3-gen-lambda-11-1,398.522036,2365,3054,4544,4,5
V3-gen-lambda-11-1,398.88831,2356,3052,4556,4,5
V3-gen-lambda-11-1,399.220001,2352,3046,4548,4,5
V3-gen-lambda-11-1,399.574001,2350,3036,4520,4,4
V3-gen-lambda-11-1,399.924712,2350,3034,4512,4,4
V3-gen-lambda-11-1,400.373396,2350,3032,4508,4,4
V3-gen-lambda-11-1,589.8879830000001,2350,3012,4468,5,1
V3-gen-lambda-11-1,590.286428,2348,3014,4480,5,1
V3-gen-lambda-11-1,590.624637,2344,3014,4488,5,1
V3-gen-lambda-11-1,590.944845,2338,3014,4508,5,1
V3-gen-lambda-11-1,591.281032,2333,3002,4476,5,1
V3-gen-lambda-11-1,696.498013,2324,2988,4460,5,1
V3-gen-lambda-11-1,955.915087,2324,2964,4364,4,4
V3-gen-lambda-11-1,956.252573,2322,2960,4352,4,3
V3-gen-lambda-11-1,1111.590872,2321,2932,4276,4,2
V3-gen-lambda-11-1,1112.050323,2320,2936,4288,4,2
V3-gen-lambda-11-1,1112.366884,2314,2940,4316,4,3
V3-gen-lambda-11-1,2113.3629069999997,2313,2964,4400,4,5
V3-gen-lambda-11-1,2151.0067870000003,2311,2940,4296,4,2
V3-gen-lambda-11-1,2151.330604,2309,2934,4276,4,1
V3-gen-lambda-11-1,2255.102727,2309,2926,4276,4,3
V3-gen-lambda-11-1,2255.4330130000003,2306,2916,4248,4,3
V3-gen-lambda-11-1,2255.7750410000003,2298,2922,4288,4,4
V3-gen-lambda-11-1,2256.087327,2296,2924,4304,4,5
V3-gen-lambda-11-1,2446.7242340000003,2296,2916,4284,4,5
V3-gen-lambda-11-1,2447.044018,2291,2920,4304,4,5
V3-gen-lambda-11-1,2818.968575,2290,2914,4256,4,2
V3-gen-lambda-11-1,3785.816194,2290,2860,4100,4,4
V3-gen-lambda-11-1,3786.184809,2287,2854,4084,4,4
V3-gen-lambda-11-1,3908.433222,2286,2852,4084,4,4
V3-gen-lambda-11-1,3908.7564140000004,2284,2848,4080,4,4
V3-gen-lambda-11-1,3909.075694,2284,2846,4072,4,4
V3-gen-lambda-11-1,4096.272065,2281,2844,4072,4,3
V3-gen-lambda-11-1,4096.594449,2272,2830,4044,4,3
V3-gen-lambda-11-1,4148.354433,2268,2804,3964,4,2
V3-gen-lambda-11-1,4148.694445,2267,2796,3940,4,1
V3-gen-lambda-11-1,4149.079927,2266,2794,3940,4,1
V3-gen-lambda-11-1,4149.400806,2265,2796,3948,4,1
V3-gen-lambda-11-1,4149.711,2263,2802,3976,4,2
V3-gen-lambda-11-1,5365.581386,2262,2810,4004,4,2
V3-gen-lambda-11-1,5365.982231999999,2258,2826,4068,4,3
V3-gen-lambda-11-1,5681.595249,2254,2796,3972,4,2
V3-gen-lambda-11-1,5681.924765,2252,2798,3996,4,3
V3-gen-lambda-11-1,5847.801531,2250,2796,3988,4,2
V3-gen-lambda-11-1,5848.235404,2248,2788,3968,4,2
V3-gen-lambda-11-1,5848.559646,2246,2782,3956,4,2
V3-gen-lambda-11-1,5848.893416,2244,2792,3996,4,2
V3-gen-lambda-11-1,6543.740712000001,2242,2806,4040,4,2
V3-gen-lambda-11-1,6544.057349000001,2234,2802,4044,4,2
V3-gen-lambda-13-0,0.0,2508,3168,4488,2,660
V3-gen-lambda-13-0,12.388062999999999,2505,3228,4744,3,35
V3-gen-lambda-13-0,12.738325999999999,2494,3210,4716,3,37
V3-gen-lambda-13-0,13.106602,2490,3220,4760,3,40
V3-gen-lambda-13-0,13.486223,2487,3228,4796,3,43
V3-gen-lambda-13-0,13.827771,2484,3228,4800,3,42
V3-gen-lambda-13-0,14.311022999999999,2483,3234,4824,3,44
V3-gen-lambda-13-0,14.668573,2474,3232,4836,3,44
V3-gen-lambda-13-0,15.024887000000001,2474,3228,4820,3,42
V3-gen-lambda-13-0,15.385471,2472,3238,4864,4,1
V3-gen-lambda-13-0,15.736730999999999,2468,3220,4816,4,1
V3-gen-lambda-13-0,37.132874,2466,3166,4656,4,2
V3-gen-lambda-13-0,37.494575999999995,2465,3154,4616,4,2
V3-gen-lambda-13-0,37.911915,2454,3144,4612,4,2
V3-gen-lambda-13-0,38.282742999999996,2451,3146,4624,4,2
V3-gen-lambda-13-0,38.626885,2446,3138,4612,4,2
V3-gen-lambda-13-0,38.959587000000006,2446,3132,4592,4,2
V3-gen-lambda-13-0,39.325375,2442,3128,4584,4,2
V3-gen-lambda-13-0,39.731716999999996,2440,3132,4608,4,2
V3-gen-lambda-13-0,40.054826,2438,3138,4632,4,2
V3-gen-lambda-13-0,40.405415,2437,3136,4632,4,2
V3-gen-lambda-13-0,68.90525,2435,3178,4796,4,1
V3-gen-lambda-13-0,107.070672,2433,3152,4684,3,47
V3-gen-lambda-13-0,107.400487,2432,3152,4692,3,50
V3-gen-lambda-13-0,107.74785,2430,3154,4708,3,53
V3-gen-lambda-13-0,108.11101599999999,2427,3144,4680,3,51
V3-gen-lambda-13-0,108.453892,2418,3132,4660,3,50
V3-gen-lambda-13-0,108.793947,2416,3130,4656,3,49
V3-gen-lambda-13-0,109.136066,2414,3138,4692,4,1
V3-gen-lambda-13-0,109.481576,2414,3128,4656,4,1
V3-gen-lambda-13-0,262.902816,2414,3102,4588,4,2
V3-gen-lambda-13-0,263.299689,2410,3104,4608,4,2
V3-gen-lambda-13-0,263.675526,2408,3106,4616,4,2
V3-gen-lambda-13-0,264.020536,2407,3108,4624,4,2
V3-gen-lambda-13-0,264.351461,2407,3104,4612,4,2
V3-gen-lambda-13-0,264.729954,2406,3098,4592,4,2
V3-gen-lambda-13-0,265.056062,2406,3090,4576,4,3
V3-gen-lambda-13-0,265.383104,2402,3088,4576,4,3
V3-gen-lambda-13-0,265.71801999999997,2401,3086,4572,4,3
V3-gen-lambda-13-0,358.23657,2400,3110,4660,4,4
V3-gen-lambda-13-0,358.562664,2400,3106,4644,4,4
V3-gen-lambda-13-0,358.89294,2399,3122,4688,4,3
V3-gen-lambda-13-0,359.223695,2397,3112,4652,4,2
V3-gen-lambda-13-0,359.54778300000004,2396,3104,4620,4,2
V3-gen-lambda-13-0,406.48186400000003,2394,3090,4608,4,5
V3-gen-lambda-13-0,406.908118,2391,3080,4584,4,6
V3-gen-lambda-13-0,446.46563299999997,2387,3080,4596,4,2
V3-gen-lambda-13-0,446.84852600000005,2382,3070,4572,4,2
V3-gen-lambda-13-0,447.19487,2381,3066,4556,4,2
V3-gen-lambda-13-0,447.55748500000004,2379,3060,4536,4,2
V3-gen-lambda-13-0,447.91007099999996,2375,3068,4572,4,2
V3-gen-lambda-13-0,448.33246199999996,2371,3064,4564,4,1
V3-gen-lambda-13-0,448.639622,2363,3052,4540,4,1
V3-gen-lambda-13-0,448.97940900000003,2362,3052,4544,4,2
V3-gen-lambda-13-0,449.366833,2358,3054,4560,4,2
V3-gen-lambda-13-0,572.97932,2353,3046,4548,4,2
V3-gen-lambda-13-0,573.293766,2351,3038,4528,4,2
V3-gen-lambda-13-0,635.171292,2349,3038,4524,3,54
V3-gen-lambda-13-0,635.572545,2345,3032,4512,4,1
V3-gen-lambda-13-0,635.995908,2341,3024,4496,4,1
V3-gen-lambda-13-0,636.4514290000001,2338,3010,4456,4,1
V3-gen-lambda-13-0,636.776518,2333,3012,4468,4,1
V3-gen-lambda-13-0,637.166311,2332,3012,4472,4,1
V3-gen-lambda-13-0,637.548933,2328,2994,4420,4,1
V3-gen-lambda-13-0,637.8822369999999,2326,2998,4436,4,1
V3-gen-lambda-13-0,831.07273,2326,2974,4368,4,1
V3-gen-lambda-13-0,907.340759,2325,3000,4464,4,2
V3-gen-lambda-13-0,1189.514787,2318,2996,4464,4,2
V3-gen-lambda-13-0,1753.393152,2315,3002,4480,4,2
V3-gen-lambda-13-0,1765.834673,2312,2956,4344,4,3
V3-gen-lambda-13-0,1766.166281,2304,2940,4312,4,3
V3-gen-lambda-13-0,1766.4855579999999,2299,2936,4312,4,3
V3-gen-lambda-13-0,1766.8886240000002,2295,2940,4336,4,2
V3-gen-lambda-13-0,1767.278736,2292,2942,4348,4,2
V3-gen-lambda-13-0,1767.605138,2279,2922,4312,4,2
V3-gen-lambda-13-0,2027.5473259999999,2279,2910,4272,4,3
V3-gen-lambda-13-0,2027.9628,2274,2910,4288,4,3
V3-gen-lambda-13-0,2282.798751,2272,2904,4268,4,2
V3-gen-lambda-13-0,3584.003593,2267,2916,4328,4,2
V3-gen-lambda-13-0,3584.340477,2265,2912,4316,4,2
V3-gen-lambda-13-0,3584.658473,2264,2908,4300,4,2
V3-gen-lambda-13-0,3585.05536,2263,2906,4296,4,2
V3-gen-lambda-13-0,4840.589209,2261,2900,4284,4,2
V3-gen-lambda-13-0,4840.905133,2258,2902,4296,4,2
V3-gen-lambda-13-0,5708.854095999999,2253,2840,4104,4,2
V3-gen-lambda-13-0,5891.715527,2251,2862,4168,4,2
V3-gen-lambda-13-0,5892.055057,2250,2866,4180,4,2
V3-gen-lambda-13-0,5892.377099,2248,2870,4192,4,1
V3-gen-lambda-13-0,5956.866655000001,2247,2838,4112,4,2
V3-gen-lambda-13-0,5957.191013,2245,2850,4156,4,2
V3-gen-lambda-13-0,6090.678583,2244,2870,4208,4,1
V3-gen-lambda-13-0,6298.07364,2242,2866,4204,4,2
V3-gen-lambda-13-0,6495.923746,2242,2838,4132,4,3
V3-gen-lambda-13-0,6496.252056,2241,2832,4120,4,4
V3-gen-lambda-13-0,6496.592345,2238,2836,4136,4,3
V3-gen-lambda-13-0,6496.907763,2238,2828,4104,4,2
V3-gen-lambda-13-1,0.0,2508,3168,4488,2,660
V3-gen-lambda-13-1,26.622942000000002,2507,3206,4664,3,30
V3-gen-lambda-13-1,27.018791,2502,3192,4628,3,28
V3-gen-lambda-13-1,27.431007,2498,3188,4632,3,32
V3-gen-lambda-13-1,27.872427000000002,2490,3176,4616,3,34
V3-gen-lambda-13-1,28.224795,2486,3178,4632,3,35
V3-gen-lambda-13-1,28.581738,2482,3180,4648,3,36
V3-gen-lambda-13-1,28.971477,2469,3172,4660,3,41
V3-gen-lambda-13-1,29.313312,2464,3168,4660,3,42
V3-gen-lambda-13-1,29.650894,2461,3168,4664,3,41
V3-gen-lambda-13-1,62.643591,2460,3130,4528,3,29
V3-gen-lambda-13-1,63.043048999999996,2459,3134,4536,3,26
V3-gen-lambda-13-1,75.754071,2454,3138,4560,3,27
V3-gen-lambda-13-1,76.083881,2451,3140,4572,3,27
V3-gen-lambda-13-1,76.47701,2450,3136,4560,3,26
V3-gen-lambda-13-1,113.114088,2449,3148,4624,3,39
V3-gen-lambda-13-1,123.824492,2447,3150,4648,4,1
V3-gen-lambda-13-1,124.324892,2443,3146,4656,4,2
V3-gen-lambda-13-1,124.669837,2439,3140,4640,4,2
V3-gen-lambda-13-1,125.040253,2437,3138,4636,4,2
V3-gen-lambda-13-1,125.36770200000001,2436,3150,4672,4,2
V3-gen-lambda-13-1,125.72101,2432,3148,4684,4,2
V3-gen-lambda-13-1,126.04488099999999,2426,3138,4668,4,2
V3-gen-lambda-13-1,126.371753,2419,3126,4640,4,2
V3-gen-lambda-13-1,147.304941,2412,3124,4664,4,3
V3-gen-lambda-13-1,147.645472,2409,3110,4620,4,2
V3-gen-lambda-13-1,147.971083,2407,3106,4612,4,2
V3-gen-lambda-13-1,148.32263899999998,2405,3104,4612,4,2
V3-gen-lambda-13-1,148.689539,2401,3102,4616,4,2
V3-gen-lambda-13-1,149.08551,2399,3106,4632,4,2
V3-gen-lambda-13-1,302.18395499999997,2398,3082,4576,4,2
V3-gen-lambda-13-1,302.499959,2395,3066,4536,4,3
V3-gen-lambda-13-1,302.83764,2389,3062,4532,4,2
V3-gen-lambda-13-1,303.22379700000005,2383,3052,4516,4,1
V3-gen-lambda-13-1,303.549556,2381,3052,4512,4,1
V3-gen-lambda-13-1,303.891717,2378,3050,4508,4,1
V3-gen-lambda-13-1,304.22371400000003,2374,3040,4488,4,1
V3-gen-lambda-13-1,304.55073699999997,2373,3044,4500,4,1
V3-gen-lambda-13-1,471.21147,2371,3046,4508,4,3
V3-gen-lambda-13-1,471.54625799999997,2367,3040,4496,4,3
V3-gen-lambda-13-1,487.003085,2364,3036,4500,4,4
V3-gen-lambda-13-1,487.35575600000004,2358,3036,4516,4,4
V3-gen-lambda-13-1,487.748596,2356,3036,4520,4,4
V3-gen-lambda-13-1,548.736538,2355,3040,4536,4,4
V3-gen-lambda-13-1,549.0805809999999,2355,3034,4520,4,4
V3-gen-lambda-13-1,549.5120400000001,2355,3030,4504,4,3
V3-gen-lambda-13-1,549.869054,2353,3028,4500,4,3
V3-gen-lambda-13-1,550.2098739999999,2352,3050,4568,4,4
V3-gen-lambda-13-1,550.548543,2352,3046,4556,4,4
V3-gen-lambda-13-1,550.870449,2351,3042,4544,4,4
V3-gen-lambda-13-1,650.456369,2349,3036,4532,4,5
V3-gen-lambda-13-1,650.790657,2346,3026,4504,4,5
V3-gen-lambda-13-1,651.1364580000001,2345,3022,4488,4,4
V3-gen-lambda-13-1,651.48747,2343,3028,4520,4,4
V3-gen-lambda-13-1,651.826642,2342,3038,4552,4,5
V3-gen-lambda-13-1,896.3283210000001,2341,3050,4592,4,4
V3-gen-lambda-13-1,896.7367790000001,2340,3050,4592,4,4
V3-gen-lambda-13-1,1008.847126,2338,3018,4504,4,2
V3-gen-lambda-13-1,1009.160356,2338,3010,4472,4,2
V3-gen-lambda-13-1,1009.475101,2338,3000,4444,4,2
V3-gen-lambda-13-1,1009.804263,2337,3002,4444,4,2
V3-gen-lambda-13-1,1254.127457,2335,3032,4556,4,5
V3-gen-lambda-13-1,1260.020825,2333,3008,4476,4,2
V3-gen-lambda-13-1,1260.3448649999998,2329,3006,4476,4,2
V3-gen-lambda-13-1,1260.665845,2328,3002,4464,4,2
V3-gen-lambda-13-1,1260.9799679999999,2327,3000,4460,4,2
V3-gen-lambda-13-1,1261.3088659999999,2325,2996,4460,4,2
V3-gen-lambda-13-1,1261.644085,2324,3002,4476,4,2
V3-gen-lambda-13-1,1713.229524,2320,3002,4488,4,3
V3-gen-lambda-13-1,1713.5458170000002,2316,2998,4480,4,3
V3-gen-lambda-13-1,1865.98829,2312,2962,4376,4,2
V3-gen-lambda-13-1,1866.337099,2310,2964,4380,4,1
V3-gen-lambda-13-1,1866.6576459999999,2310,2956,4356,4,1
V3-gen-lambda-13-1,2123.0540960000003,2309,2932,4284,4,2
V3-gen-lambda-13-1,2123.3941999999997,2307,2930,4284,4,2
V3-gen-lambda-13-1,2133.52963,2306,2998,4508,4,6
V3-gen-lambda-13-1,2133.8506979999997,2306,2990,4480,4,6
V3-gen-lambda-13-1,2249.447004,2305,2984,4456,4,5
V3-gen-lambda-13-1,2249.767986,2301,2978,4452,4,6
V3-gen-lambda-13-1,2250.111578,2297,2982,4476,4,6
V3-gen-lambda-13-1,2250.424214,2295,2986,4496,4,6
V3-gen-lambda-13-1,3558.83505,2295,2966,4428,4,4
V3-gen-lambda-13-1,3559.156463,2293,2964,4428,4,4
V3-gen-lambda-13-1,3832.66482,2289,2946,4384,4,6
V3-gen-lambda-13-1,3863.238084,2285,2938,4360,4,4
V3-gen-lambda-13-1,3863.553427,2284,2936,4352,4,4
V3-gen-lambda-13-1,3863.871608,2280,2930,4344,4,4
V3-gen-lambda-13-1,4213.493876,2280,2908,4268,4,4
V3-gen-lambda-13-1,4213.834306999999,2279,2908,4272,4,4
