arm,depth,projections,complete,censored,observed_rows,largest_exact_width,largest_censored_lower_bound,projection_cpu_s,observed_rows_per_cpu_s,encoding_cpu_s,max_worker_rss_kib,canonical_cpu_s,sampled_children,duplicates_against_retained_sample
dynamic,1,8,0,8,65536,,8192,10.718172001000003,6114.475490212837,0.007066835000008709,36304,0.00929054499999804,128,0
dynamic,2,6,0,6,49152,,8192,10.536002159000011,4665.1471078158065,0.004398456000004991,36304,0.01082325600000722,96,0
dynamic,3,7,1,6,49152,0,8192,12.775207294000019,3847.452246280547,0.01297184699998688,36304,0.007448179000004274,96,0
dynamic,4,5,1,4,38227,5459,8192,11.558045600000014,3307.3930769056624,0.00769757899999135,36304,0.010132165999998222,80,0
dynamic,5,12,8,4,32768,0,8192,11.485223781000027,2853.0571649990843,0.03302872699998005,36304,0.010420821000003855,64,0
dynamic,6,7,4,3,30350,3811,8192,13.901615600999985,2183.1994835058476,0.02425408900000292,36304,0.0205829689999959,112,0
dynamic,7,9,9,0,15406,3457,,10.568218688000002,1457.7669572160917,0.03745173800000856,36304,0.036531934000002764,144,0
dynamic,8,39,39,0,11392,1239,,9.880985953,1152.9213839780064,0.17609162399998013,36304,0.11965563199998286,524,0
dynamic,9,164,164,0,6668,302,,8.435576095000087,790.4617212749986,0.8301831569998299,36304,0.36425461099995715,1423,0
dynamic,10,249,249,0,2617,84,,6.816519185999944,383.9202866728382,1.660470146000037,36304,0.42902078800003096,1509,0
dynamic,11,142,141,1,328,15,1,1.9804972420000837,165.61497438327973,0.8626850969999182,36304,0.0910620680000207,328,0
dynamic,12,128,128,0,50,6,,1.156343292999992,43.23975440743128,1.0220840089999967,36304,0.01119112300001035,50,0
dynamic,13,128,128,0,9,2,,0.8950011609999677,10.055852877268306,1.0774915180000306,36304,0.003704245000001549,9,0
dynamic,14,36,36,0,0,0,,0.17697703100002826,0.0,0.31333579099997877,36304,0.0,0,0
ordered,1,4,0,4,32768,,8192,5.360301771999996,6113.088664367089,0.006096177999998245,34932,0.006661861999994301,64,0
ordered,2,14,0,14,114688,,8192,23.19331660900002,4944.8727809586335,0.020428590999973295,34932,0.025111948000001938,224,0
ordered,3,13,1,12,98304,0,8192,24.062219727000002,4085.4086246122156,0.027265594000002835,34932,0.0327358940000142,192,0
ordered,4,10,0,10,79435,,8192,23.680733368000013,3354.414695084622,0.025059996999988954,34932,0.026569456000009595,160,0
ordered,5,8,3,5,52348,4614,8192,18.583929137999988,2816.8424239715823,0.019908562000019003,34804,0.022838249999999505,128,0
ordered,6,96,96,0,13204,316,,4.772074553999996,2766.9307867229963,0.2737792739999634,34804,0.21245726700000134,1264,0
ordered,7,55,55,0,19172,1705,,11.438750293999963,1676.0572184232753,0.18877856900000012,34804,0.1698869680000037,805,0
ordered,8,96,96,0,4179,123,,4.674330082999969,894.0318560725032,0.3996904749999821,34804,0.28386227100008554,1211,0
ordered,9,96,96,0,42,9,,0.6708157109999746,62.61034038304089,0.362277629000026,34804,0.009433451999999676,42,0
ordered,10,42,42,0,0,0,,0.21104908600003114,0.0,0.17012442200002553,34932,0.0,0,0
