arm,depth,projections,complete,censored,observed_rows,largest_exact_width,largest_censored_lower_bound,projection_cpu_s,observed_rows_per_cpu_s,encoding_cpu_s,max_worker_rss_kib,canonical_cpu_s,sampled_children,duplicates_against_retained_sample
dynamic,1,2155,0,2155,141052057,,65536,58402.93584560001,2415.1535356527224,16.64150489999768,100400,11.435275100004393,68960,4
dynamic,2,1722,38,1684,103555866,36421,65536,50519.0729619,2049.837020526857,16.86690350000312,100400,10.8573319999972,54176,0
dynamic,3,1850,199,1651,91035193,51534,65536,50752.551357699995,1793.7067312811746,23.653153699998654,100400,12.769922700005822,56064,0
dynamic,4,2170,615,1555,82024873,42106,63809,52074.503604900005,1575.1445971014841,33.567120100001944,100400,16.991477499990594,65824,0
dynamic,5,3562,2249,1313,74644732,44556,50160,53569.36278089999,1393.4220630045347,63.787454699995635,100400,30.698945100007677,105759,0
dynamic,6,12224,12219,5,68516709,26190,12262,48055.812521799984,1425.7736037429013,247.2961905000193,100400,116.63251319997948,361604,0
dynamic,7,50504,50477,27,59850387,7029,3999,43257.33627889996,1383.5892856212183,1099.0411735000287,100400,505.02633269996886,1433869,0
dynamic,8,130297,130256,41,32115008,2268,999,28344.899376800036,1133.0083615073884,3482.259038899957,100400,1222.1894952000612,3195583,0
dynamic,9,162446,162438,8,8327970,658,263,10711.263983399982,777.4964759440581,5635.748292099931,100400,1164.1664074999612,2847438,0
dynamic,10,164881,164879,2,1744102,137,6,4315.678957100059,404.13154392094947,6657.357592399896,100400,581.7814707999761,1433313,0
dynamic,11,163840,163840,0,352355,42,,2436.435673200064,144.61904489241442,7539.034545499976,100400,105.6518926,352304,2
dynamic,12,163840,163840,0,69214,14,,1760.893796199997,39.30617516477347,8577.224360000027,100400,10.681471299971577,69214,6
dynamic,13,163822,163822,0,13401,6,,1460.6746401000687,9.174527736773685,9629.624148599949,100400,1.427544599990597,13401,8
dynamic,14,53572,53572,0,820,3,,422.8440611999773,1.9392491824833604,3396.9413755999776,100400,0.08720199999800116,820,2
dynamic,15,3272,3272,0,10,1,,23.719203500003687,0.4215993171945443,212.42354660000296,100400,0.0013148999996701605,10,0
dynamic,16,40,40,0,0,0,,0.2877650999987509,0.0,3.287060300001258,94768,0.0,0,0
ordered,1,1461,0,1461,95149541,,65536,37955.18362620001,2506.891863232073,4.931624099998749,97748,7.630637900008534,46752,0
ordered,2,3058,3,3055,187783127,0,65536,91001.806432,2063.5098836232296,13.464886599995516,97748,19.505904400002784,97760,0
ordered,3,3051,71,2980,155505441,61548,64979,89282.9408306,1741.7150415670842,17.596041700009067,97748,22.191192500005343,95552,0
ordered,4,5001,2755,2246,135869326,21328,59311,86526.2413475,1570.2672840523849,35.52336420000819,97748,37.59919960000224,143424,0
ordered,5,16833,15170,1663,112825122,37129,44364,82384.10280810001,1369.5011313384969,152.91753229999682,97748,128.0438003999795,439360,0
ordered,6,52308,52296,12,69178950,11160,7544,45568.29533489997,1518.13776424103,532.9854947000363,97748,432.8514453000284,1361991,0
ordered,7,77873,77865,8,26508284,1970,608,18451.880627700004,1436.616924575466,961.298124899971,97748,771.1953208000115,2227773,0
ordered,8,77789,77788,1,1331804,218,33,1890.638039100072,704.4203980122645,1073.4701926999367,97748,280.1020336000143,843608,0
ordered,9,76158,76158,0,17073,21,,582.2721002000042,29.32134305273361,1149.6217679000763,97748,2.2075501000051077,17073,0
ordered,10,15920,15920,0,56,2,,104.24178330003178,0.5372126054177253,269.00179529993966,97748,0.004165199999192737,56,0
ordered,11,56,56,0,56,1,,0.42819469999915327,130.7816280773927,1.0798644000001332,94184,0.004066400000056092,56,0
ordered,12,56,56,0,182,9,,1.3059044000013955,139.36701645220393,1.2046574999995983,94184,0.040937899998425564,182,0
ordered,13,182,182,0,131,6,,1.9936147999978857,65.70978505985154,3.725449199999275,94184,0.01664889999983643,131,0
ordered,14,131,131,0,22,2,,0.990058000003728,22.220920390438902,2.553160599999387,94184,0.003289700000323137,22,0
ordered,15,22,22,0,1,1,,0.14700700000003053,6.802397164759449,0.4082884999984344,92660,0.0006951000000299246,1,0
ordered,16,1,1,0,0,0,,0.006281799999669602,0.0,0.02518080000027112,88256,0.0,0,0
