job,max_depth,observed_models,closed_projections,limited_projections,restarts
r0001_dynamic,15,5213098,8895,61,5
r0001_ordered,10,6294780,2805,100,12
r0009_dynamic,15,5237569,8481,68,5
r0009_ordered,10,6255771,2729,101,11
r0020_dynamic,15,5337151,8447,66,5
r0020_ordered,15,6248604,2768,104,12
r0021_dynamic,15,5351744,8396,66,5
r0021_ordered,10,6337275,2627,98,12
r0023_dynamic,16,5338674,8502,66,5
r0023_ordered,10,6270976,2940,99,11
r0024_dynamic,15,5224813,8238,65,5
r0024_ordered,13,6333688,2864,97,12
r0025_dynamic,15,5220892,8746,66,5
r0025_ordered,13,6189647,3074,95,12
r0026_dynamic,15,5327396,8316,67,5
r0026_ordered,10,6255748,2811,99,11
r0028_dynamic,16,5190138,8879,64,5
r0028_ordered,15,6165288,3005,98,11
r0032_dynamic,15,5319318,8240,65,5
r0032_ordered,10,6165929,2807,99,11
r0035_dynamic,15,5231853,8411,66,5
r0035_ordered,10,6215387,2470,105,12
r0038_dynamic,15,5196603,8206,66,5
r0038_ordered,10,6271496,2925,97,12
r0039_dynamic,15,5210423,8801,63,5
r0039_ordered,13,6153105,3148,97,12
r0042_dynamic,15,5094582,8528,64,5
r0042_ordered,13,6106583,2650,105,11
r0043_dynamic,15,4920933,8471,60,5
r0043_ordered,14,6068038,2934,102,11
r0045_dynamic,15,5212413,8218,67,5
r0045_ordered,10,5952934,3056,94,11
r0049_dynamic,15,5233432,8405,62,5
r0049_ordered,10,6215463,2607,96,11
r0055_dynamic,15,5282312,8484,62,5
r0055_ordered,10,6169220,2564,105,11
r0056_dynamic,15,5299644,8330,70,5
r0056_ordered,10,6245227,2672,95,12
r0057_dynamic,15,5104038,8283,70,5
r0057_ordered,14,6337784,2820,97,12
r0064_dynamic,15,5095487,8679,66,5
r0064_ordered,10,6261888,3040,98,12
r0077_dynamic,15,5218330,8273,66,5
r0077_ordered,14,6221075,2600,99,12
r0200_dynamic,15,5149479,8313,66,5
r0200_ordered,10,6203279,2841,101,11
r0282_dynamic,15,5302685,8257,68,5
r0282_ordered,13,6214167,2442,98,11
r0303_dynamic,15,5206546,8184,68,5
r0303_ordered,14,6303348,2685,100,11
r0306_dynamic,15,5228622,8508,66,5
r0306_ordered,14,6298395,3022,97,11
r0319_dynamic,15,5208739,8402,66,5
r0319_ordered,10,6134175,2713,98,12
r0325_dynamic,15,5208252,8360,67,5
r0325_ordered,14,6214082,2859,99,11
r0326_dynamic,15,5220949,8350,65,5
r0326_ordered,14,6242646,2893,100,12
r0468_dynamic,15,5142749,8404,63,5
r0468_ordered,13,6188158,2653,95,12
r0469_dynamic,15,5354920,8250,67,5
r0469_ordered,10,6246865,2625,100,11
r0636_dynamic,15,5172938,8327,66,5
r0636_ordered,16,6079535,2807,100,11
r0665_dynamic,15,5173557,8313,68,5
r0665_ordered,10,6240532,2882,94,12
r0678_dynamic,15,5080066,8167,64,5
r0678_ordered,10,6159991,2972,101,12
r0751_dynamic,15,5122988,8228,68,5
r0751_ordered,13,5951139,2436,86,10
r0878_dynamic,15,5043899,8491,64,5
r0878_ordered,10,5834814,2300,93,10
r0946_dynamic,15,5090921,8392,66,5
r0946_ordered,10,6049853,2357,90,10
r0954_dynamic,15,5097664,8241,64,5
r0954_ordered,10,5955877,2177,91,10
r1010_dynamic,15,5030756,8210,67,5
r1010_ordered,10,5933652,2099,89,9
r1015_dynamic,15,5054885,8299,68,5
r1015_ordered,10,5893148,2247,93,9
r1087_dynamic,15,5109753,8391,65,5
r1087_ordered,14,5886834,2236,92,10
r1132_dynamic,15,5110581,8256,65,5
r1132_ordered,10,6155494,2623,83,10
r1133_dynamic,15,5234272,8189,65,5
r1133_ordered,14,5853310,2545,88,10
r1649_dynamic,15,5014492,8365,65,5
r1649_ordered,10,5825864,2224,89,9
r1675_dynamic,15,5120525,8258,69,5
r1675_ordered,10,5822682,2323,93,11
r1899_dynamic,15,5079223,8563,67,5
r1899_ordered,10,5805414,2351,92,10
r2079_dynamic,15,4997047,8727,65,5
r2079_ordered,10,5970456,2079,88,10
r2179_dynamic,15,5193794,8269,68,5
r2179_ordered,10,5918255,2107,91,10
r2180_dynamic,15,5135528,8384,64,5
r2180_ordered,12,5897646,2420,88,10
r2181_dynamic,15,5090349,8371,66,5
r2181_ordered,10,6025448,2289,91,10
r2284_dynamic,15,5085970,8615,62,5
r2284_ordered,10,6034806,2354,86,10
r2348_dynamic,15,5162466,8355,67,5
r2348_ordered,10,5877834,2000,91,10
r2357_dynamic,15,5050870,8203,67,5
r2357_ordered,10,5944818,2373,93,10
r2387_dynamic,15,5135737,8376,68,5
r2387_ordered,10,5970120,2398,88,10
r2477_dynamic,15,5015317,8413,65,5
r2477_ordered,10,5865704,2123,91,10
r2659_dynamic,15,5280648,8419,66,5
r2659_ordered,10,6016611,2362,88,10
r2951_dynamic,15,5153227,8540,67,5
r2951_ordered,10,6069300,2321,83,10
r3046_dynamic,15,5198592,8246,65,5
r3046_ordered,15,6003953,2640,78,10
r3069_dynamic,15,5200733,8199,65,5
r3069_ordered,13,6085068,2258,76,10
r3135_dynamic,15,5143439,8308,67,5
r3135_ordered,12,5972332,2347,75,10
r3164_dynamic,15,5119905,8343,64,5
r3164_ordered,10,6161363,2446,75,10
r3216_dynamic,16,5054473,8286,66,5
r3216_ordered,13,5887738,2523,71,10
r3313_dynamic,15,5219691,8318,66,5
r3313_ordered,10,5966344,2346,77,10
r3339_dynamic,15,5077299,8264,67,5
r3339_ordered,10,5957856,2294,77,10
r3351_dynamic,15,5142307,8191,65,5
r3351_ordered,10,6142866,2408,74,10
r3675_dynamic,16,5098674,8184,66,5
r3675_ordered,10,5890082,2309,86,10
r3679_dynamic,15,5079989,8317,65,5
r3679_ordered,10,5959529,2472,86,10
r3683_dynamic,15,4948641,8472,64,5
r3683_ordered,10,5960854,2393,86,10
r3747_dynamic,15,5013491,8695,63,5
r3747_ordered,10,5885189,2235,87,10
r3796_dynamic,15,5084370,8412,67,5
r3796_ordered,10,5958045,2361,91,10
r3797_dynamic,15,5162373,8226,68,5
r3797_ordered,13,5963018,2457,82,10
r3830_dynamic,15,5170344,8410,67,5
r3830_ordered,10,5987575,2440,91,10
r3927_dynamic,15,5107175,8497,66,5
r3927_ordered,10,6030977,2028,91,10
r3941_dynamic,15,5173423,8253,68,5
r3941_ordered,10,6044704,2303,85,10
r3942_dynamic,15,4993783,8381,65,5
r3942_ordered,10,6029541,2397,86,10
r4032_dynamic,15,5150229,8241,65,5
r4032_ordered,14,6022476,2546,93,10
r4033_dynamic,15,5138066,8414,67,5
r4033_ordered,10,6007773,2214,89,10
r4092_dynamic,15,5086024,8286,65,5
r4092_ordered,10,5993493,2254,86,10
r4276_dynamic,15,5127278,8366,66,5
r4276_ordered,10,5991006,2487,94,10
r4365_dynamic,15,5163386,8335,66,5
r4365_ordered,10,6056997,2462,87,10
r4624_dynamic,15,5142550,8513,64,5
r4624_ordered,10,6190080,2616,90,10
r4664_dynamic,16,5132139,8371,67,5
r4664_ordered,12,6045147,2397,87,10
r4677_dynamic,15,5123105,8361,67,5
r4677_ordered,10,5987798,2395,86,10
r4809_dynamic,16,5215840,8508,65,5
r4809_ordered,10,6033398,2361,82,10
r4874_dynamic,15,5194051,8242,66,5
r4874_ordered,10,6104535,2217,91,10
r4876_dynamic,16,5158269,8435,66,5
r4876_ordered,10,6111194,2466,85,10
r4997_dynamic,15,5143864,8280,68,5
r4997_ordered,10,5962290,2166,86,9
r5085_dynamic,15,5242503,8349,64,5
r5085_ordered,10,6153609,2177,85,11
r5095_dynamic,15,5163529,8445,68,5
r5095_ordered,10,6051310,2388,83,10
r5097_dynamic,15,5138601,8157,66,5
r5097_ordered,10,6117812,2316,90,10
r5127_dynamic,15,5204408,8269,66,5
r5127_ordered,13,6406389,2699,76,10
r5132_dynamic,16,5221766,8441,64,5
r5132_ordered,10,6495310,2471,83,11
r5133_dynamic,15,5054134,8280,67,5
r5133_ordered,10,6489787,2539,83,11
r5158_dynamic,15,5115921,8204,68,5
r5158_ordered,10,6371905,2550,78,10
r5391_dynamic,16,5144310,8363,67,5
r5391_ordered,15,6486171,2442,80,11
r5541_dynamic,15,5136710,8387,66,5
r5541_ordered,14,6414207,2841,78,10
r5543_dynamic,15,5129097,8288,65,5
r5543_ordered,10,6409650,2468,75,10
r5547_dynamic,15,5146285,8351,67,5
r5547_ordered,12,6528835,2572,77,11
r5599_dynamic,15,5227538,8389,66,5
r5599_ordered,10,6510008,2882,82,11
r5629_dynamic,15,5137721,8280,65,5
r5629_ordered,10,6506671,2654,77,10
r5927_dynamic,15,5170738,8515,63,5
r5927_ordered,10,6465726,2623,75,10
r5928_dynamic,15,5223309,8409,65,5
r5928_ordered,15,6319947,2655,76,10
r5937_dynamic,16,5019358,8261,68,5
r5937_ordered,10,6441060,2680,75,10
r6105_dynamic,15,5178153,8205,65,5
r6105_ordered,10,5943529,2054,91,10
r6139_dynamic,15,5150039,8287,64,5
r6139_ordered,10,6037093,2203,85,10
r6153_dynamic,15,5020431,8390,66,5
r6153_ordered,10,5906889,2318,85,10
r6170_dynamic,15,5152478,8270,65,5
r6170_ordered,10,5992489,2273,92,10
r6407_dynamic,15,5190297,8322,66,5
r6407_ordered,10,6036658,2000,92,11
r6546_dynamic,15,5116723,8281,67,5
r6546_ordered,10,5980999,2526,90,10
r6684_dynamic,15,5190804,8386,67,5
r6684_ordered,10,5943790,2503,90,10
r6931_dynamic,15,5101961,8319,61,5
r6931_ordered,10,5958546,2393,82,10
r7259_dynamic,15,5110186,8282,66,5
r7259_ordered,13,5982202,2419,84,10
r7270_dynamic,15,5108706,8195,66,5
r7270_ordered,10,6072998,2213,90,10
r7279_dynamic,15,5181356,8227,68,5
r7279_ordered,10,6054016,2388,90,10
r7290_dynamic,15,5113200,8468,66,5
r7290_ordered,10,5974759,2350,86,10
r7291_dynamic,15,5111131,8320,70,5
r7291_ordered,10,6005812,2446,88,10
r7371_dynamic,15,5091798,8375,65,5
r7371_ordered,10,6036179,2402,87,10
r7566_dynamic,15,5000126,8400,65,5
r7566_ordered,10,6027071,2504,85,10
r7694_dynamic,15,5034456,8495,64,5
r7694_ordered,10,5883806,2110,88,9
r7698_dynamic,15,5119755,8323,67,5
r7698_ordered,10,6028453,2294,83,9
r7701_dynamic,15,5105908,8200,61,5
r7701_ordered,10,6048202,2228,94,10
r7781_dynamic,15,5511567,8541,66,5
r7781_ordered,10,6308451,2511,89,10
r7997_dynamic,15,5517100,8315,69,5
r7997_ordered,15,6442854,2503,80,10
r8009_dynamic,15,5507435,8457,69,5
r8009_ordered,10,6341563,2105,97,10
r8018_dynamic,15,5348997,8897,66,5
r8018_ordered,10,6478421,2184,90,10
r8090_dynamic,15,6218013,8436,69,5
r8090_ordered,10,6279572,2393,85,10
r8094_dynamic,15,6037794,8439,74,5
r8094_ordered,14,6899406,2502,87,10
r8098_dynamic,15,6123595,8565,70,5
r8098_ordered,10,7123582,2403,93,10
