job_id	tau	cycle_type	seed	cpu	A_status	B_status	A_solve_wall_seconds	B_solve_wall_seconds	A_conflicts	B_conflicts	A_decisions	B_decisions	A_propagations	B_propagations	A_cnf_sha256	B_cnf_sha256
tau06_10-10-7	6	10,10,7	447602456	12	TIMEOUT	TIMEOUT	5880.151922225952	5880.257116317749	6586358	6360957	35033585	34026219	9063087279	8921805189	cc5d6a22f11f46fc69701a2e22ca84f96547bc509fbfe62df7a7c0f719ba3e56	a599e6d13b285425ad346b09a4bd7a7441df3482ef924be2fc0026ea7af793d6
tau06_10-5-3-3-3-3	6	10,5,3,3,3,3	894391180	3	TIMEOUT	TIMEOUT	5880.146347999573	5880.248073577881	10127558	8469762	28787261	34492543	9360825590	11116444733	24799835c74e8477743ffbd5efa11ae53aa17bbe9e6856169cdd534a86f925ff	99b93c345c9d47c161b1019c3d1bd015e2dc6311caaeebde93281e8a3a723a2e
tau06_10-6-5-3-3	6	10,6,5,3,3	1661785296	12	TIMEOUT	TIMEOUT	5880.202354669571	5880.8434937000275	8472008	8611995	39262268	41925503	11765585059	12385628542	dbefc0d5567e3ffd88a98f0fafa744dec0cf73a0bbcc20869ffdd863664a7645	020448049f96be55e53c44fcbeb5e43d455e4c0a98d22b49316a3b7fb49a68e8
tau06_10-6-6-5	6	10,6,6,5	3744730	0	TIMEOUT	TIMEOUT	5880.450728654861	5880.364331007004	6130483	5924288	35342908	33853764	11657077133	11261319573	b9d02cae9d1e63e3f44e88f33c4dd4871af989402638124fa68132a5f4811a9f	32abdc04e6ad6b4023993987607e5861c57c2a38332f60f9cd504729de2e5040
tau06_10-7-5-5	6	10,7,5,5	1856434189	6	TIMEOUT	TIMEOUT	5880.074984073639	5880.722014427185	5938831	7782119	34124157	41231434	11525134249	11135340672	1f2f53f4c00441220df87a634fcd459ba8dd4f363ff7e7d6c8403d474a805e2e	4c1938649e99d0b7453e66d634361872cedf809e5d4673cc4a14d4da69a805b6
tau06_10-7-7-3	6	10,7,7,3	101921219	9	TIMEOUT	TIMEOUT	5880.788285970688	5880.363926410675	7685137	7941652	38109548	39727289	11055958968	11268544070	1ead1a149ece53466245705e2fcaed90f3bcef9a8396813747e02fd40303491e	823309874b132a1d8bc5d8ea941f17502642ea907496d7474ec83119db501a8b
tau06_10-8-3-3-3	6	10,8,3,3,3	2064316664	2	TIMEOUT	TIMEOUT	5880.085737466812	5880.23459649086	9182447	8006513	40226153	35398375	11501954253	11129993830	f86f26b89a9136c0745e8e2c8ca3005fb490d8d1386e44f92c73a04187d225e8	19676e8808cbf9075f78c53e0ee877f90f16d7efac395ae52a527603e30e0bf9
tau06_10-8-6-3	6	10,8,6,3	1496728921	2	TIMEOUT	TIMEOUT	5880.6377584934235	5880.587853193283	6841150	7975265	36471977	40583979	11558403328	11132770669	5ae847227fd358dd1bb8ea51b9cf578f6c0a78400e83bf63a9d15a29fd3abbe5	a0b011e0d79db350a8f78a1771649dd142e7caa33028df9578239b024b6100dd
tau06_10-9-5-3	6	10,9,5,3	1006225159	9	TIMEOUT	TIMEOUT	5880.144580841064	5880.29816198349	8458059	6564785	42803541	34734163	11631046040	11364623864	7a6b88cd385f4a6bd8e9143c88d5db1eaabd69f7af70999485ca53c40a0510ea	5f85f13cce6847b71bd83c86c0e5b875eec3c0a4b926d13854515e804ec2845e
tau06_10-9-8	6	10,9,8	133150745	6	TIMEOUT	TIMEOUT	5880.4188911914825	5880.482480287552	6888312	6394671	36528586	35204513	9747500534	11267932748	ffeb34f417b10594ea17d6be367d1873ce651423ecdfc1df80b23ed4bed03a21	1400d93cf22491761a04655d6a94fca57d912968ac10c4e5360afb416975e252
tau06_11-10-3-3	6	11,10,3,3	1071558087	11	TIMEOUT	TIMEOUT	5880.1006054878235	5880.212737321854	7357904	7021473	37652924	29652909	11674228306	9041898178	49a34ad21d7c8f4539149a330c4eb3eecd833c80c73a22d14b65fec36f5ba9c8	3115b277277c74029074c6a2573ac810388104a6a9737b6ba0c37e46648a9184
tau06_11-10-6	6	11,10,6	432546453	2	TIMEOUT	TIMEOUT	5880.247674465179	5880.239450931549	5694189	5786856	32525618	32807520	11100231277	10808881850	67c9838dc4436820612dfc0d5c797dda4ef18c51eff3e76c3d04357a73dd4604	0278d74267a254df157a7ba94397c75402bfb35b0a72c5945c5e6f7d1960ef68
tau06_11-11-5	6	11,11,5	137540864	19	TIMEOUT	TIMEOUT	5880.816198587418	5880.389165639877	5647277	6555217	31448344	37610995	11226767835	10239851421	a956e58c7861bc547366788a89a0dd19b438c7acdacecddb5b73c0dbaa73d749	c3d896fa24fd43426539bda0151cad6d018632916666059ee3ac299b57ff1379
tau06_11-5-5-3-3	6	11,5,5,3,3	2034131577	3	TIMEOUT	TIMEOUT	5880.338347911835	5880.308534145355	7614914	8228511	38468158	38445783	11101134823	10798295946	42cf17dc83f8d1192eea14d8e0e69d52d2011b95584d6451661f5d64d3ea06d5	397f98b18ae0d3d967d2af423445a2c07dd5dd5560e81b37e289e3ae86e4bdc7
tau06_11-6-5-5	6	11,6,5,5	296671893	5	TIMEOUT	TIMEOUT	5880.923930168152	5881.019414186478	7448572	7715580	41601220	41324557	11306698105	10710510800	a5c7f5907bb24a01c4425a7b5ba5087bb10dc6406a133a9525113e9a0adfb299	f3851d1549dfc67e5b7f03beb18a79226adb5161ad7bdc8ea69bc11651f0b270
tau06_11-7-3-3-3	6	11,7,3,3,3	651543833	15	TIMEOUT	TIMEOUT	5880.122465848923	5881.020584344864	8569051	8133292	38391118	32481861	11638129017	10875403658	1ed7cf3c99edc2b94354113d99242737451f93a20502d435a82d06570aa067da	21d6eb97104609213e1f40c6caa531fd8004b0c53b322d7e07d4c926ed513459
tau06_11-7-6-3	6	11,7,6,3	508791290	9	TIMEOUT	TIMEOUT	5880.971942663193	5880.931587696075	6382419	8128255	36262911	40728427	11435061918	11190251386	8463d4b6c4da72854f7ba5710dc7090d8071018263ba2c7067edf0af7377635e	9f8dc6b6988ce8335210dcec30debd353c8db188f7abb47fad41246ed63f04cc
tau06_11-8-5-3	6	11,8,5,3	1424056692	3	TIMEOUT	TIMEOUT	5880.339823246002	5880.467401027679	6549950	6935813	35480543	35284047	11332463697	10892732877	d587f4c4bf9a15dfef1c6e187646fda445baca742db477d81d750fb351495c3b	64e48a494e48f29dcb3d2e81e6409d14f2be57d00162756c29572a42ecc86c6f
tau06_11-8-8	6	11,8,8	1106996645	15	TIMEOUT	TIMEOUT	5880.591086387634	5880.088616132736	6514500	5904536	36768090	32841213	10434109668	8876279477	1e2414f5f521f31dbee2d0bbaff1b1a907f16a4f4e360a8e37c1fa266d4fe979	dcb8856947f4828b5ba6156b1d1f31c734e986df300787aeeccfb9fad39af08b
tau06_11-9-7	6	11,9,7	3583442	12	TIMEOUT	TIMEOUT	5880.175261259079	5880.090358734131	6951068	6410819	36398132	34632805	10066874843	9258063360	24ca6c977d027ab0c4e368fbd03820ff0d739191e5c655e7b84c61020d4c8e87	118c190321bf8e563e4c9849ff9b5c844265db9da653148f365ca1b30fa0b2ac
tau06_12-10-5	6	12,10,5	1111193470	17	TIMEOUT	TIMEOUT	5880.139813899994	5880.076760292053	6710109	5491149	37747982	30832842	10432085148	11003139705	bce861ae9dab819570c08638665d8069854e7e9b191df7917bdc98be546b4fdc	663992ab1fe5099fc4fa8580b58a7ab0d121e95c14262fef59992d2b7e511c8e
tau06_12-12-3	6	12,12,3	1001470789	14	TIMEOUT	TIMEOUT	5880.1093313694	5880.918399810791	6817571	5736625	35545954	31430540	11645470258	10676711552	693b396bc22634b3ec42aa34dd996bd1d2fa1b10f7d1d58e4232c48036ec6b29	f51c876a80c40524961c44ef0209162dfe919b35bccfe112062d39ed3b662f15
tau06_12-3-3-3-3-3	6	12,3,3,3,3,3	265246599	1	TIMEOUT	TIMEOUT	5880.344231128693	5880.326385974884	11787246	10296301	37229538	31683977	10288274132	9757493324	7771c8c4edaf15e682101783836bf744d0ca6e7c871ed41153038974be3fba5d	dc81cc3231d21c3aed81745f064ed7c9eebb377a9019949cf0df352ab50ce983
tau06_12-5-5-5	6	12,5,5,5	765125334	8	TIMEOUT	TIMEOUT	5880.905699253082	5880.230393409729	7440230	6827195	40399710	38267647	10004121888	10310061392	8eca71bb9ae642c9c2c12f2a5c31c04c763fa4479dc1a3eaae83a3256a3dabe2	1e47f9897a7a0a9461cecef007c48886fc1822b0c5dd50147678996c876ff972
tau06_12-6-3-3-3	6	12,6,3,3,3	775364538	10	TIMEOUT	TIMEOUT	5880.902288675308	5880.070634841919	9262378	7469305	38674118	37758855	10657269636	11275278762	f19e1bbd3c0752c543e13a6946e6f9647e84399fc9d74ecdd81f400bd04e1f3c	5bfad174a13676f646a5eb8f3fc146e3f168cd8ca58fa3d620c00a86854e52e2
tau06_12-6-6-3	6	12,6,6,3	830938379	18	TIMEOUT	TIMEOUT	5880.189627170563	5880.231387138367	7154277	7626308	39300205	39926002	11563317331	10877273674	5ec4b4681f27c3e1fe79b63e92897126ac90c8aec538031fafb6aeb4890191bb	9cae1813f86bc49d82b2be1a03efd5930c47b25c407703303cc608a7d11f4dde
tau06_12-7-5-3	6	12,7,5,3	1139430861	6	TIMEOUT	TIMEOUT	5880.361038923264	5880.959924459457	6428760	7465680	34120435	38799112	11339546509	10689174571	98d235d05b8725635de6442b674ede85731a0d6641734d36dc6e096d92cfd969	341742411c15e6e8134e464d4e01fa0bd6d646e50212830abb63008ef077d201
tau06_12-8-7	6	12,8,7	102569859	2	TIMEOUT	TIMEOUT	5880.202423334122	5880.1268100738525	6605058	6568677	35811615	35878172	11330251833	10714433723	dab81cb02d00af943cd774820dacdaef160cc1fe5be8f9b4cfa0ae58795f9e35	48247c05f34c7ad251f03e3705fd8225a00fcd2254e211fbe0bb599162de015d
tau06_12-9-3-3	6	12,9,3,3	1208610918	11	TIMEOUT	TIMEOUT	5880.1870403289795	5880.721416711807	7515607	7274854	37624857	33951325	12125926524	11773128069	82b85869de2d01ffce0e846bad9cfb7f7699b4befcce7383578ab4b87b2330ed	02cd7c0c0e2287002ea8905e495090a16f712f6844835302203590c3370cdb99
tau06_12-9-6	6	12,9,6	208382778	16	TIMEOUT	TIMEOUT	5880.261470317841	5880.413122415543	5548121	5483280	32677098	32160999	11360128938	10998133582	03b83041c75ca01dc405c87f48362ab9fc1405e28a89d3204024ffb4ee2cd063	46f4db65e3ee4b8c5c3cd6f61ffb8970b67f415d786fa593f989d3963810c6e5
tau06_13-11-3	6	13,11,3	316762142	7	TIMEOUT	TIMEOUT	5880.226241111755	5880.468165397644	6559402	7102966	35577010	36332097	11851497769	10940138694	3ff80f2ca0177fe45005805a2eccb60d0e7664cfaeba34be16d028d0a296cc67	66d5f75841d37dc9a818357b5aac92c7b4094a39e02d4914e5480a7b1b09cbee
tau06_13-5-3-3-3	6	13,5,3,3,3	2111791315	4	TIMEOUT	TIMEOUT	5880.7608852386475	5880.331121683121	8540058	7423465	32021122	34387116	9448526994	11390633953	fafd756e507c94af09213a911ae526e5a23581168d96689f56237dc62b762a26	81a0ce7dcedb49dfc589b31f114b6206c4ba8103b51fcca380f7b4d06be2c409
tau06_13-6-5-3	6	13,6,5,3	764721734	19	TIMEOUT	TIMEOUT	5880.398869276047	5880.188629865646	7819353	6718550	42594740	36360166	11364214692	11348066688	de1229c22ec21165655bfba7e47bb9e68ef6a17edefe31567ab8a673e8707e97	102e37ee6f80619680e6de76f4928f8d048aed24e6c99300d209733d1e0f3aed
tau06_13-7-7	6	13,7,7	283185711	3	TIMEOUT	TIMEOUT	5880.30740070343	5880.050530910492	6782141	6307938	35484241	34300981	9523700460	11161906767	1d975f7be3182359ceb2a9db0a3981392ea9e368df97bb675a72673fe53dca31	7a2b8c408ae70e4ae902ae6d5dfeb1e9a6f860e3096dc5fb5d0837ebc7bc595f
tau06_13-8-3-3	6	13,8,3,3	986586315	12	TIMEOUT	TIMEOUT	5880.347105503082	5880.084502458572	7686277	7925665	35984047	35779863	10898906583	9726154393	c84ec106abf26c8eb8d3fff56385310c4ba20abb5ba50a096809c24d6a183b81	943c54bfcc2d9ed4d183658d20e209fb29ebdf3a884287a6dc70583c01d3e019
tau06_13-8-6	6	13,8,6	1831145993	19	TIMEOUT	TIMEOUT	5880.083857059479	5880.630171775818	5399138	5340780	32041631	30765922	11022746561	10269722278	c58e2d53994c81200a8f23012b09af1f56b1b7ccb1ef68d0320c120089fa1cbd	16b0f17d5b6633d10bb4b5c13c18bb0251a3f032880996c4a582821a8bc18afa
tau06_13-9-5	6	13,9,5	750491308	6	TIMEOUT	TIMEOUT	5880.188214063644	5880.231605291367	5393202	5255684	31578728	31257583	10914665979	10842486719	c5536d619bce5804ce66c0b334746823bc0c99733e2a3e4cfc19456cfc040b16	6f27def5533adfffe3bafbdfa6b5f573e261f4cfd777d94624f200882d796b68
tau06_14-10-3	6	14,10,3	451080375	14	TIMEOUT	TIMEOUT	5880.141946315765	5880.290423154831	6603459	5295860	36041242	29533745	11073819697	10353411607	aa892b4f98312d311766933fad3bab363d12c16cb738d547bc5b68d11eee5e4a	99bcb160b7bec0e3fb2e2152b1225a5eb446f8211fa0e8beb1a12ffbf39c571f
tau06_14-13	6	14,13	932965346	2	TIMEOUT	TIMEOUT	5880.137452363968	5880.0738706588745	6199222	4985528	35260654	29348562	10766979371	10427598561	711d04b26417be0349a53e2996668ff78e79974cdcb3db72921cbd1756b12194	cf593cdd6b7097c2a19b39afb66ebe821a07d855183eb542b382eef3e42d93c9
tau06_14-5-5-3	6	14,5,5,3	173386459	10	TIMEOUT	TIMEOUT	5880.2234699726105	5880.163591623306	8031684	6849544	39355056	37571254	9903557097	11657346206	d29ed7bb63ab34fa8c3e09fa98638a9bf4150d9277c879faff28d656476a948b	9d976f5e6ad4bc1599de255ccad1abc7dd30307f99c3b99ae3b5a2b06f0e7058
tau06_14-7-3-3	6	14,7,3,3	190646531	8	TIMEOUT	TIMEOUT	5880.179239034653	5880.1060218811035	8286978	6949159	36627121	33629474	11045828970	10985862884	b17d0797ee993311382ba1a8c4a61af49df42509e5142ffe5929767be7bace1b	1b81a79cc97d314da1d540da9269f5ecc5efd88bb39da7ec50cc159c276a8a54
tau06_14-7-6	6	14,7,6	1652038223	9	TIMEOUT	TIMEOUT	5880.6283304691315	5880.378813505173	5249874	5367790	30817850	30687140	10990300547	10501890815	0f4a019f0063663ba9c46baf870fb2b2fc7c1db1e9fc785585d022551cb4ec62	a9e28d61721bcdf52c78ca7d2bb1f8199a77f411b3c7e8b97c697694b76ebfcc
tau06_14-8-5	6	14,8,5	1750727597	14	TIMEOUT	TIMEOUT	5880.113551855087	5880.8952786922455	6245742	5998309	34797711	33267880	11341167764	11946354930	66b3602d891e0c3bd607bcd8bbf10da28d76741132f3c73d815e9e4149c2ee97	d1d6ed298085de280ee6785def34a271a3c5f60ef6094a65e304091adc2fc692
tau06_15-12	6	15,12	1043112799	18	TIMEOUT	TIMEOUT	5880.842730998993	5880.906841278076	5836306	5993416	32857818	33859504	11556125409	10743385535	87acfee372c53aee3052fff4a7a5d568265816ce7c9ce969d88a0fa56699d888	acc435e52607674d224708a4ef8d779756cb7f3199017458db0028658ca2f000
tau06_15-3-3-3-3	6	15,3,3,3,3	203179711	14	TIMEOUT	TIMEOUT	5880.3798179626465	5880.4805607795715	10749264	10130011	29814109	39890331	10067360473	11034257110	983074c92c5df5a70c501b1694020eeaf63977558a205919898b913483822764	6006b8a7f1b0228a4e4afa4047c9518a34c82029b538886e6a0978feb02ec420
tau06_15-6-3-3	6	15,6,3,3	1955905662	7	TIMEOUT	TIMEOUT	5880.0395386219025	5880.705833673477	8636209	8170274	42134348	41283670	10839044845	11406547267	cc4697b399af8a4e7be729d059c327ed0d86cc5fb707b35d4bda5ceec8b719af	20554ed6cfe5b955d17032af146eb75578313481ec5d1f13ba1f573bed5e14f4
tau06_15-6-6	6	15,6,6	1000573883	16	TIMEOUT	TIMEOUT	5880.119574069977	5880.229339838028	5736226	5903858	33304146	34008115	10818381110	10571229393	d860d8b0f9c3e49382567608d65e537adf5e4c492154f90d4a4f3f27803779ea	6d64c6f5164401bca5bb1c6437f9fd5b6088975afd2c17f4b8bf2d863417d07b
tau06_15-7-5	6	15,7,5	1332397593	1	TIMEOUT	TIMEOUT	5880.316312789917	5880.300555467606	5537030	5167905	30568813	29979091	10842250448	10567610104	a2b145ffd87edd48222c1515451016b2dde3ba651cb184811c7b5c75063784c5	5c4f5a8fbbb4745ce5d7972ecd21915c6009256aa89870a8bb9cae45f40fefb9
tau06_15-9-3	6	15,9,3	147421614	6	TIMEOUT	TIMEOUT	5880.8796944618225	5880.371385812759	6584893	6173524	34746091	33218503	9242623423	11172543927	83cf3500f8c39995093702b67e991da6b7964753c9870fc95b09c61d3b65c258	789dbf308d208b89f24576416ad83aae8432188c30afc19c4486767cf9b0235b
tau06_16-11	6	16,11	925648610	0	TIMEOUT	TIMEOUT	5880.277824163437	5880.081711530685	6166349	5112670	33788927	29501238	10853923290	10605959128	d76bc073d1f5b8d7735a8dfce410493295266a997696720ea222238fc38866a6	76bca6911f2849e3a49d8f7c7dd56a9cf1b9af968a2fa96ef29b9bf916bff52c
tau06_16-5-3-3	6	16,5,3,3	1072223349	13	TIMEOUT	TIMEOUT	5880.601422071457	5880.273547887802	7254802	7083378	35582118	33412115	11476487915	10936302824	b9a4b6388996d2b27c4f751fd273f893d28209dc460ab715c2a616d2759ecbbc	5164fd4bb5143018ff97913cab14214125fb2fc92bb8f29898812886c9fc67dd
tau06_16-6-5	6	16,6,5	1458613232	3	TIMEOUT	TIMEOUT	5880.089710235596	5880.750474214554	6130191	6122294	35157104	34490946	11608912375	10871519410	ab33cd7ec16349344a012d4d8f001fe8164022d43fafb7d5eb441cd210f998c9	15733f3e2fed6396fceac8c7f61a60822266c88263c2541c429f5aa9ef707d72
tau06_16-8-3	6	16,8,3	1814856612	13	TIMEOUT	TIMEOUT	5880.312797784805	5880.8977999687195	6816903	6979009	32509812	35408259	9400365584	12261015014	f3b225f4f1012a22915e17b7c0ff57aadaef7010ca6af49448ca5b166ab2befb	1830c193cb7c8bf1c44154e568d22bf019e5791709a59167128d536ec4ebc3df
tau06_17-10	6	17,10	951755586	10	TIMEOUT	TIMEOUT	5881.002441167831	5880.914458036423	6711755	5712106	37711295	32394026	11684741244	11575387591	8cd21ec922bc623fa0270fe3ef5e5a69e51b3ddeadd248d109c86f3bdec5a936	6de2adb4f8c9191aed8497e62c34cee6f75756304a9a2e4b1c214caebd2345b5
tau06_17-5-5	6	17,5,5	927899184	4	TIMEOUT	TIMEOUT	5880.194538831711	5880.9064955711365	7501081	5622043	41648301	31961233	11295182100	10904365525	c99cb5e03847e69bbeafe395d856bd3ec1c276f5deedf917726011fbf475c811	78c3a8ecd874f94d1809f51b2fbbccb361fc3cdf3ef40039504a922a7257f904
tau06_17-7-3	6	17,7,3	122680584	13	TIMEOUT	TIMEOUT	5880.834399938583	5880.2838525772095	7588635	6556902	36996883	33851427	9582659130	10582510603	56c94329442e9a4e9e65ae34eb7fac317c6cdda3105c71669f2bf7b60f35f51f	6ec732737070d7eceb6298f16e279c51fbdcb46c7b684c9affdc540c50da0d64
tau06_18-3-3-3	6	18,3,3,3	1073786820	1	TIMEOUT	TIMEOUT	5880.953537464142	5880.809252023697	8100767	7682811	36949722	30405536	11534023670	10534086798	03384694cb96f75dfc693dc0aaddf82d28a08341da199633bc7bae345616ac8e	8911413edb72f56d96ecaf36c8abe78f999ca51d4c11714f629dabfeee4144bd
tau06_18-6-3	6	18,6,3	921175400	4	TIMEOUT	TIMEOUT	5880.627496242523	5880.073365211487	6821303	5802340	32983866	31414822	9306345443	10284012900	b7758050e8d1710c3c54951e80348b48b2be26169e7ab5a790c32eb9c1bced97	6f6bf4758c60a68aaa349a49ca63754ca5ec9f3ab66759af896e44dbb8cb898b
tau06_18-9	6	18,9	833143428	0	TIMEOUT	TIMEOUT	5880.137635946274	5880.860388040543	5646906	5884923	32800200	33565100	11224022322	10409931060	b949e5e459eac52b4eea2f343e724bbe892eafa8d05742be8a978efcc4f54458	9310863d5fcc5a6f3e225cd2b5962359c9ad49d9118d194ce06689e4a74229d0
tau06_19-5-3	6	19,5,3	2061255921	6	TIMEOUT	TIMEOUT	5880.313264846802	5880.9541783332825	7071031	6906955	39150006	36522188	11913763488	11679802008	74097922c31011a52b545124707a66440f113f2419ceadd6bfef58dceebb7f37	8b8376272e62120c58a799fc7e6a085807bd7ac589d3f6408ef21c3f6740f531
tau06_19-8	6	19,8	1453515029	19	TIMEOUT	TIMEOUT	5880.041153907776	5880.794753551483	5265715	5990240	31178370	33367489	11417333143	9483843843	9106636c0c3a051e54f2e0990835ee43ef6bc4a1c681b9590d9f43223231f5f7	dd94e3219c4767f2bea14532516d83dd2bdc4dc35bd3f111c069223117586501
tau06_20-7	6	20,7	502431899	16	TIMEOUT	TIMEOUT	5880.262062549591	5880.084401607513	6687016	5117053	36744053	29457540	9991195051	10591806731	ba834bbe6405eaf440ad5aaf23963c44235f289b02da3fa64b3235d1865e060f	81549d3096a6c66347cd76545e18ea622c20c27e9e15bffb6e1ff1fe5fbe961f
tau06_21-3-3	6	21,3,3	1775742895	16	TIMEOUT	TIMEOUT	5880.0652532577515	5880.907060146332	8515243	7095090	39527112	34246880	11155913904	11207360869	e3b6485665e83e2d95cb45ff53f69d6b8a117d5cec031e090f5c0c0eb01af567	f68cd3a47f64c7c2470600745403d3a45635122035272188ac52bd12d189448a
tau06_21-6	6	21,6	1547417511	2	TIMEOUT	TIMEOUT	5880.8513967990875	5880.867341756821	5775187	6398124	33309780	35701284	11402466590	12024620769	f96d8948e97334f8862623cfffcf74d24e2d80fa06af5ae4a23c734b77f6ea4c	2c8ddf8677f10118c879dadc97332645ada8eca87d37f3e87cb2b5ae83a63415
tau06_22-5	6	22,5	227100467	18	TIMEOUT	TIMEOUT	5880.523013114929	5880.337579250336	5616729	5988013	32359709	32676071	11308065748	10926919068	ddda54d86a0f98880bbd6bea401fecc55a65dce8a21bb8b1493b23e66b065ef2	d0a69faa1933c02fdec402c81c02e038546b37022a369d83f4d597c0aabe036a
tau06_24-3	6	24,3	1191279847	8	TIMEOUT	TIMEOUT	5880.352050542831	5880.131001710892	7400511	5935886	36435902	32247448	9643534234	10227652971	a5223bd6242ff14ba3d4813b67632d15c9d23e4264d1a8a8ef460b7153c8222b	4930b47e104b05999bda70156a069e17d38b2c767de5abe5ae8517233353e7cd
tau06_27	6	27	385811093	9	TIMEOUT	TIMEOUT	5880.141263008118	5880.168814897537	6649424	4681875	37040866	27709129	11654718530	10692735725	1211f71ea33389959f3ee4eca08ae0bec06f7787aa5a0ac11a8f3e8eb556f7e7	f0947e611a53c6831817060ec13f690866bab88f283a5b8d2cc738ea52d5ba0b
tau06_3-3-3-3-3-3-3-3-3	6	3,3,3,3,3,3,3,3,3	1844336176	15	UNSAT_UNCERTIFIED	UNSAT_UNCERTIFIED	2431.996179819107	2442.5330576896667	4578525	4578525	9939866	9939866	5264704731	5264704731	fc43530b5673eff07a2335fdfaac3a75bc813cbbc1442dc79381cf4b8ef83a08	fc43530b5673eff07a2335fdfaac3a75bc813cbbc1442dc79381cf4b8ef83a08
tau06_5-5-5-3-3-3-3	6	5,5,5,3,3,3,3	2143903725	1	TIMEOUT	TIMEOUT	5880.357448339462	5880.041563034058	10698717	11249985	31045802	32623920	10189167138	10376775530	7e6b3e7a81d9088fa2ed54863912a70cca44e0693d6aac212d1b024f43626b13	056484bd32e85558af567a3f38f09dec3381d97d84a6a84828affe96a04a9890
tau06_6-3-3-3-3-3-3-3	6	6,3,3,3,3,3,3,3	1100167974	3	TIMEOUT	UNSAT_UNCERTIFIED	5880.227140903473	1612.7092652320862	8872079	3835253	22516987	9386658	10674670114	3173723633	aa53a775d986f0aaff08aa968eaf7b98660b9038a8d2a122b0eb583a3200e3b1	3d2b4b47af0d1b12bbc527714d29792e8f6ba21bca39706526b15faacc47eb77
tau06_6-5-5-5-3-3	6	6,5,5,5,3,3	2097179961	8	TIMEOUT	TIMEOUT	5880.347536802292	5880.934224367142	8585633	8519587	41035550	34616261	11348075823	10459162548	413b605f1e1193ccc76c08981663d3b62908654b66dab83a33263ddbeef16f13	1cf65c9410672e3a218c510c41f411782b9e54cb83fcc245ccfd5a483a9925e3
tau06_6-6-3-3-3-3-3	6	6,6,3,3,3,3,3	152411096	8	TIMEOUT	TIMEOUT	5880.07827091217	5880.153520345688	12398859	10794012	37599090	39189839	10142573969	11942607261	3b1cf761c5a250c5257e6767c10f9679f1ce78f2c932c254c038dfb405c67daf	c45bd6d3c22dc074a3787e3f88f720be52d4e2d2d47f958adaa2962a8d8e3708
tau06_6-6-5-5-5	6	6,6,5,5,5	1363075878	13	TIMEOUT	TIMEOUT	5880.274458408356	5880.974897861481	5968211	6663689	34665048	37330352	11519443882	11686708801	de8a4f20836cc784056e0edf240ce4131bb738e3993535ff6c993c75df7680e0	d96429ca1ffb920613c2bdf644bcece1760c3067722353b6ba3231ae83b2b887
tau06_6-6-6-3-3-3	6	6,6,6,3,3,3	728961523	17	TIMEOUT	TIMEOUT	5880.868952512741	5880.066307544708	8922397	8413979	38009665	42238553	10574431913	11704594253	adecace41aab415961cc7c4dc5cb4c3a8bfdc88b146327ccc0ded844259aacd7	7054eea371ecfa48fb5711d2e27f9eb9daa451a2f24bfe5bcf8e8bd5783c8177
tau06_6-6-6-6-3	6	6,6,6,6,3	299976679	7	TIMEOUT	TIMEOUT	5880.852602005005	5880.261889219284	7994600	8482973	38312373	43981009	11040781645	11801676212	e8d405260971d4f68cbc9bbadeb8d86328345dbf284347089735772bc80f24ce	86144d3980c4fa5da32b6613ca8931a1d07c3c793fcd3b7770e59cfd043b16a2
tau06_7-5-3-3-3-3-3	6	7,5,3,3,3,3,3	2047758391	0	TIMEOUT	TIMEOUT	5880.7596027851105	5880.056523799896	10464662	9920847	29781447	35299443	9537838403	10583274681	74d13b60b495dbce7a4c05dd87534f5a6309f92323c1de5b0eac23314c8adc58	1eb3ca7a0fdd27f2ba3fd81952fdc907959947ef266aaca3773e01e005ad5d18
tau06_7-5-5-5-5	6	7,5,5,5,5	1768755644	15	TIMEOUT	TIMEOUT	5880.040114402771	5880.251030921936	7209803	6440275	40166464	35474701	10233530656	9172639553	76be856f0140e775888743a0058ddf452a2b87631264289306724352dded724e	a85065bc1d03fefd4f188820e8b0f8634492917c7712aabdec0d6823d28d42fd
tau06_7-6-5-3-3-3	6	7,6,5,3,3,3	1430462476	4	TIMEOUT	TIMEOUT	5880.2536408901215	5880.72319149971	8116974	9902508	39996415	40037252	11176826444	10454040843	6d114a62c7c8ed7cbddaa6fb82632ed35a161a13740ebd096758d1aed0f0f25e	931ccbe829c53ffe2738a465887665bd11e36875e70bd7c0cc927b073b25633d
tau06_7-6-6-5-3	6	7,6,6,5,3	1192236963	9	TIMEOUT	TIMEOUT	5880.172283649445	5880.974721193314	7860235	8156695	41696608	42494733	12172131253	11630072190	7071d8a51ceead4f9702dffd5c2d913c349b1ff9278e13959b82e06445ee1098	0c1e0b78ddbd6ffc2af6ccde978299820586c25aa617fa363ef66795f4aa4fb6
tau06_7-7-5-5-3	6	7,7,5,5,3	114299663	11	TIMEOUT	TIMEOUT	5880.195689439774	5880.356940746307	6540420	7258693	36460932	39306735	11634858989	11402806865	482dd1699dd6e0709ffe8c2210847653cf9f13f529a69bf03bcca19139ad1765	113842041427f5bd670a725645a0ae5b0402a5151b42c0ad6995da2dc8fe55df
tau06_7-7-7-3-3	6	7,7,7,3,3	66633768	16	TIMEOUT	TIMEOUT	5880.865400314331	5880.350578546524	7765486	7690348	35388323	34481623	10964191188	11468768853	e12496c0e678490d0749a47aaa69198a162f5dad7744c22f516ec2beec719bfa	3e00ab32a7735399267f8bed5ab99408a8534d792d68db7ebf45f17dd5bb00ff
tau06_7-7-7-6	6	7,7,7,6	283629522	5	TIMEOUT	TIMEOUT	5880.203549861908	5881.0294761657715	5826071	5909047	33414880	32498062	11558182792	11543241820	3e216cf819c2642f347034eba0f84e68caa9832d4451c1eeef330e6ccf912b42	6844b5a301c66374c503d38e05b8344039797fbc0f61a812bdac2e092076d32d
tau06_8-5-5-3-3-3	6	8,5,5,3,3,3	1468412626	0	TIMEOUT	TIMEOUT	5880.617636680603	5880.5510931015015	8386161	8586332	33633270	38612309	10292119996	11172958868	2e6cd224365c0c1a1c90c74e3ffdac913406cbc801365e18962015643963cf86	7de9e1af7130ea697c67b64735ee0c32b87d717294fad2da866fd39754d07fa7
tau06_8-6-5-5-3	6	8,6,5,5,3	1440014209	11	TIMEOUT	TIMEOUT	5880.3544754981995	5880.87797498703	6804310	7656775	33356676	42445567	9064757751	12518608226	f4f0189190d569626f66c665db550da2431c9ab6f3bb1d57744366cffece939c	5b9a6d43f8768635ba500fdc6cce0ad4f267344bae1a180b4f99d06b2886d1e9
tau06_8-7-3-3-3-3	6	8,7,3,3,3,3	42967083	14	TIMEOUT	TIMEOUT	5880.095860481262	5880.289545059204	10258124	10521218	28499212	29201997	9321679320	9605259223	4c2103f8735359e8d863ca311cd153ac5bf492c1cdc30b50e7a6469dbef8180d	a684c78422ff616f275e1c714ec27bfde9c9b934072eb9ab770aae0406d222b6
tau06_8-7-6-3-3	6	8,7,6,3,3	1257816830	10	TIMEOUT	TIMEOUT	5880.346982002258	5880.153527736664	7971827	8372627	38836667	36168307	11636045951	10018712373	00b1cc1767f6e426f14802938506fb4c39c2d99fe3d935759f4e738a4df80d40	0e82c690b14a16232a9eadb1662abdf1d60a53c255e6b161abeebd639ba946ca
tau06_8-7-6-6	6	8,7,6,6	747238537	17	TIMEOUT	TIMEOUT	5880.05217051506	5880.3071982860565	6159363	5971364	34727022	34168969	11629011332	11343697331	6f5199c1794022938fbc492d078c18042acfee3f264bbda03d7ddcb86b6f97c5	6768206154c8917ea7c37d28f0cfcc5692282351995e71246ac63d7aa51997ad
tau06_8-7-7-5	6	8,7,7,5	1850469306	19	TIMEOUT	TIMEOUT	5880.216545343399	5880.879421949387	5644771	6240019	32081969	35146797	11601698570	12462492885	2dc1a807e095b06d49c5373be8cb6ff254e0cd78e76009eafc5975e22eea7aa2	01d0cfa2286cf6285e2a4018f4c5bcc7ab98bb84f2e2794751d184b0ba4668e3
tau06_8-8-5-3-3	6	8,8,5,3,3	1849019648	17	TIMEOUT	TIMEOUT	5880.119357347488	5880.883124828339	8406730	8168202	40859094	40237675	11614125089	12629707343	6932d587cb22589a99f49a6d4d34cd9546538b7d1cb016a63a4c244c49c29d63	afa9ac9c3bc908e1bdddf9765053b35fc61e9134058d9713a9b2149bd6416b05
tau06_8-8-6-5	6	8,8,6,5	408966381	0	TIMEOUT	TIMEOUT	5880.100465297699	5880.2364020347595	6042027	6004810	33409815	33395240	11355723791	11208348168	c529722b45f9577b135f0c43a78c4939ffa99ed52517af0be70ec01c07730267	3a76c71d942fc6be6afa1577c6f5595026c239da9c7bb0b401fe0666a98a75d9
tau06_8-8-8-3	6	8,8,8,3	737989727	19	TIMEOUT	TIMEOUT	5880.931030511856	5880.165964603424	8737241	7303821	40673364	37010415	10816774255	10893570170	c0f6f27ebe368a802ff809563131c9c8142d20370610d7de90f54020da54bb66	56435dcdb55be93d9dabb878dc7692c19071f93e4fc2ceedb932a87d4df4eb1b
tau06_9-3-3-3-3-3-3	6	9,3,3,3,3,3,3	1448136881	17	TIMEOUT	TIMEOUT	5880.170504331589	5880.967394351959	10620870	10023094	27802519	26226645	9520705772	9092571782	c3cfb24989a7b1f24ad4920c06f30a0d4b70b0089b32c88994e7d99c3c8a7b43	2823e4f1f372f28232c839911c8807901d0789ac69c6485227b04d60efa2e889
tau06_9-5-5-5-3	6	9,5,5,5,3	857170593	1	TIMEOUT	TIMEOUT	5880.179218292236	5880.2551612854	7199722	6183959	34542877	33594904	9272880358	10916460044	e8851fc14c2c6ca215e57647be5f83c0bff83d2d968e1443cd02efc23bd8233a	3bf2453fec393ea2ff118ba389bdc8def74acb859f09813bc1c59ae34a6167c3
tau06_9-6-3-3-3-3	6	9,6,3,3,3,3	1680755438	11	TIMEOUT	TIMEOUT	5880.059134244919	5880.2077379226685	10438087	10105362	31168325	28828569	9718310140	9403976504	a1237e86107e3514ef26f4c335bc87f6d42218a768c728787ca85b30196ecb76	915ab3f30692685eb2cc3b4760b3af7228365e3f961bfb116f0ca910476a1eb4
tau06_9-6-6-3-3	6	9,6,6,3,3	1722004502	13	TIMEOUT	TIMEOUT	5880.710571527481	5880.322585821152	7920456	8632309	39627660	41578286	11488114232	10597960952	6816efb11f52b1a11d0fdd32b7a32267731cae2908b9489eee274769bc51fe81	e4465a126681aa87bb90b1767e88db6e3b62a0028ca2edaf1dbb05ebb7bd783b
tau06_9-6-6-6	6	9,6,6,6	861382496	7	TIMEOUT	TIMEOUT	5880.087820768356	5880.937955617905	6474125	6005847	35601116	34681471	11413418539	11080913292	d5d535b8f5322bffad3ebeaf9e4a05a2fe69b4595cef31608fffb9239548924b	3a70cfc7ee5e4f3bc152ae6f493d818b1db486a27e8820444fe6486defdc2752
tau06_9-7-5-3-3	6	9,7,5,3,3	1568450568	14	TIMEOUT	TIMEOUT	5880.66897892952	5880.57714176178	8070636	8128643	38083711	36569015	10954019517	10434833510	6095961c2bbca4eae041eed845c5bae424c1e72f61683ca16e814f9a1c1c4052	95b594fc61c0c28bc8fbbac80e0bb4f901ae71ba3ae2a2f3336362fcd5094e53
tau06_9-7-6-5	6	9,7,6,5	1443766380	15	TIMEOUT	TIMEOUT	5880.33434844017	5880.980409383774	7253737	5915742	36922533	34282623	12391052908	11542028479	e9ad9fe1ed51ed47da9e380d3725def4caf220d0f618eac86d82729fce6c8725	065943a7ddcdf020555283f902d4544bae12e2ef19f4ada17a95ad122bd534d1
tau06_9-8-5-5	6	9,8,5,5	269453868	1	TIMEOUT	TIMEOUT	5880.9655640125275	5880.258592844009	6543346	5420289	36689711	32486458	10022087978	11159096104	cfa52750df360d1a0bf30bb940dd17bea30a7a58f446b544975c0c3ecf1e847e	6e2957e5f3fafc6106bda38b7779d0a050fc2ed67e399afe428bfd368abeca90
tau06_9-8-7-3	6	9,8,7,3	243003576	10	TIMEOUT	TIMEOUT	5880.870377063751	5880.227230787277	7364132	6374297	37388703	33374242	11750974478	11443902668	9a611174943a98c5667f81818d7ea8930af1763c7dfeafe494228c70d0a0c1f0	284d46da2cd262033ebbca6e7f66887c75efc8cfeb6035e79373291e97046c00
tau06_9-9-3-3-3	6	9,9,3,3,3	883251715	5	TIMEOUT	TIMEOUT	5880.945074796677	5880.21257019043	8452077	7435512	35498394	31187438	10859007689	10775810797	fbc25d618f8d0f44c09797d0691d194f39193e0e0ed8d5ba8f506cf02765ab0a	c236707ea0172a334af6f8e03bd2364506203483fdcd5f46b5e8d88ed7bcc8fc
tau06_9-9-6-3	6	9,9,6,3	406059156	3	TIMEOUT	TIMEOUT	5880.565042734146	5880.661267757416	6623695	7651304	34669138	39636224	11543176861	11261280936	be0f8e2027330392984ebce1ca1f811d58b0ba0fe81de5d67c7833a808def796	6728a1a90564dda1a764c1f98d7b9af749968fb830fb2ddb2484848e694893a9
tau06_9-9-9	6	9,9,9	1031033015	16	TIMEOUT	TIMEOUT	5880.245307683945	5880.911484956741	5449949	5498550	32331568	32172723	11408778694	11304555000	256cb3cfb5ac59e0e9e417a49a6c4a4ebe9ddd2cf2798ccd6da963484cdf356f	93e0b251ad52679f120b6afd87da839b5c011e93821a33a7f69afb9af3e10796
tau13_10-10	13	10,10	1977608967	18	TIMEOUT	TIMEOUT	5880.886102199554	5880.670629501343	10507273	9938586	54432401	52736476	12290645611	11591935634	87f45402f5bab0a7b776e5a6b5c33ce8f09be96ff5ce0ebe290fcd161fd0d120	b75ae1def2ee158d9c194508759be6f06911c148bf385b2c489e6c4c57bfec44
tau13_10-5-5	13	10,5,5	2006702573	7	TIMEOUT	TIMEOUT	5880.853031396866	5880.561887264252	9487682	10855676	49722775	55019102	13123304348	11867964737	78778d3b111405aef90c2d40a78ab7a22f1a691b562d51f1778464e8ccb36b3c	d853a4e5b7088f73c9b412c5d9eec40298c4593f385bb3248d5785f92340b695
tau13_10-7-3	13	10,7,3	1940324330	10	TIMEOUT	TIMEOUT	5880.120656490326	5880.700353860855	8139973	8829556	41535973	44236822	11137236993	12374903088	58f8acce5151dc64ca7449eb6f0a2dd511911b19fc4699198aa996a364098d4d	08889b17f175a561c3ae5adcbc126ec0b8d165f732bc158259963d6d20945e6a
tau13_11-3-3-3	13	11,3,3,3	1381818312	7	TIMEOUT	TIMEOUT	5880.32118844986	5880.1216197013855	8240238	9272796	39294226	38950204	11095111931	9973857910	1597617a59084f7ec6f71caa37e12d3b4707aa4744da7ce3c026023aaaa2e034	36af808e7001bd19c52d1113e1bcbd0868846d38a6de5c26f37627b8ce28bb0b
tau13_11-6-3	13	11,6,3	1915036121	10	TIMEOUT	TIMEOUT	5880.686597585678	5880.496575832367	8458500	9661179	47425673	50481082	12703025399	12048893635	43c5ba82d382d4bec53d593ecacc9105c3d5761b3a91b445499a2215e8ae37ad	bfdf8c5768faaeca210f9bb48901f2b498c7a59a305894d0d3b58a4e19c3fd89
tau13_11-9	13	11,9	1410605905	5	TIMEOUT	TIMEOUT	5880.46756362915	5880.231993675232	10579268	9731317	51193052	53396874	10728211655	11731763569	e8c8dba1b8e0fb2587d4a007e2148a39abf2279bf685f56638f3bf364373a00f	708439d0f629373369efaa3c022ac2dc9aea8823d2584e6d177fc7a810bc5aad
tau13_12-5-3	13	12,5,3	548867897	11	TIMEOUT	TIMEOUT	5880.449550628662	5880.445571184158	9156185	10818920	49157580	52896786	12745990238	12451600187	bbbf03ec808b94b83ce598af6792e54a21e7457480039a8f0aa61b4430cd50d8	ba3e69559d6b132dc449ed8135067d141d8b356883f44646c2b5da51e8df4bbc
tau13_12-8	13	12,8	990170025	14	TIMEOUT	TIMEOUT	5880.632523298264	5880.1329073905945	7224207	7855957	36892715	41007328	9233735067	9763772794	ec93e2854f3020f7177f3021634aa5111f6f8a8f34e97c754c3ce42120761f0d	a0323d70eea3792784c2fbd3aacd4a18087ae76070c81cffffcbc4297116a45e
tau13_13-7	13	13,7	1133712849	19	TIMEOUT	TIMEOUT	5880.136896848679	5880.264039516449	9071455	8768255	48390808	45223484	11856200668	11340127507	27acf77f29330f8a69ceda64b1f70dd5d1d60b9a39e72c323b5f43e41f02575e	ab64d8f67164b1e0edb890ad49b7e4e6ae19637bbbbe2259b78e4b0f9a114fd0
tau13_14-3-3	13	14,3,3	2114471671	18	TIMEOUT	TIMEOUT	5880.286603689194	5880.992632627487	9436453	8885508	42834370	41092141	11300484002	11482397403	da0e8d7e481db961d846808d222d451a42457b3268d77d124981e903056c683b	fffe5bb157e10fe98460beac6266b047d4995ff267f884c07e2242fc1d9dcb70
tau13_14-6	13	14,6	1557337627	12	TIMEOUT	TIMEOUT	5880.800781011581	5880.348916530609	8758344	8540775	44702140	44888913	12421611037	11940941106	e745eb1f2bece1963ef19faa66466bfd024fe83c0da7e753f45e6abf7af9c1db	a441fb8910e202f935c9756c0d1f65c774d87f3ad2897c75f632ed1085877309
tau13_15-5	13	15,5	1914686553	8	TIMEOUT	TIMEOUT	5880.729436635971	5880.6624302864075	9239315	9683040	48138603	49394197	12805317703	12607302717	2560bfe51d8aa9c7e0cd6de264069f76fa24bf64ba60418e01447ec5dc22f082	fa23acb05413d2f7ccf5cc51815d9c5bb1ac0c42e381fcda1026193921f6c1b5
tau13_17-3	13	17,3	1488839618	0	TIMEOUT	TIMEOUT	5880.083263397217	5880.694749593735	10734964	9180032	53473366	47798538	11089495483	12561655187	b35673db4ed4a97dc93f68c42ea047f939e56ed7e0e32edeb876e048df21b019	861a27585f862e8f456882622bf294e63879479f38e41fbaee242d432ebc927e
tau13_20	13	20	2001475321	5	TIMEOUT	TIMEOUT	5880.9837329387665	5880.690180063248	9426847	8257349	49474826	43756598	12836721360	12146472963	f2c41843759e9e0e11d3f37671e60dacd56e251e7492c15df7f2e2b7f30692fe	53f89e4b2678338ef4af8810c4555efbb58796f7c3e3ac7ca5e793af64b25452
tau13_5-3-3-3-3-3	13	5,3,3,3,3,3	1330074155	18	TIMEOUT	TIMEOUT	5880.334286689758	5880.951907157898	9169001	10356385	31503767	31975185	9768189405	9289878437	27db5b889cdc553a9dfc8671789c1c27f8f60dea4c4cdd8aa323f5bcc3d03556	d174dcf5ed0adbdd77a81f05da0b4376b57a769347145ceebaa165a7b32b0cf9
tau13_5-5-5-5	13	5,5,5,5	1598849391	16	TIMEOUT	TIMEOUT	5880.847929954529	5880.593713521957	9918846	9115660	50648137	47403036	12462121022	12165373794	b871750997d6e4237377c0ee4d48ef34ffeb2f4ce8b004f945dd736dd1d15e00	0eb7ec4b3333217baae2a188a5d29ddad04fc26885f65218f8d0b724697f5351
tau13_6-5-3-3-3	13	6,5,3,3,3	132619098	17	TIMEOUT	TIMEOUT	5880.083808422089	5880.368692398071	8214422	8593555	39056047	32087354	10602793448	9161218580	f1ba28719e4b7b5d89d3de009288a66bda925f60053ac9b19bca5bde8421487f	b2befacff6d70779117b71c0748545a8fdf6f556cc6c2639605b2ad124c76267
tau13_6-6-5-3	13	6,6,5,3	181814959	12	TIMEOUT	TIMEOUT	5880.222964286804	5880.329821586609	9357301	10602974	48041607	53034215	12454279088	11385620225	f97f88117ac8e87dfd34860795543e5ffe3f9053d9eb82b21b7299c640eb802f	80da60a1c9fc1cc5e749f26be11c2e1976ab31af8db62fdbeda5ce8797d474f3
tau13_7-5-5-3	13	7,5,5,3	725016855	15	TIMEOUT	TIMEOUT	5880.905700445175	5880.136321783066	8825507	9681295	48006739	47952660	11669305450	9620743765	d59dea9410cda486412bfd2c144ab3fece4c3562648a2e315226939935838094	28a6b555f1446efd587e086f1da82e8d25329f190816554dde9005390fea4d1e
tau13_7-7-3-3	13	7,7,3,3	1113773803	5	TIMEOUT	TIMEOUT	5880.928827524185	5880.919118404388	8307526	8905055	44439719	40349587	12042403066	11426058287	35e7769fb48bf2781b6fa738421d36f62c4e59936dc50c386fd942f91e541655	6bf61666d4a46a106eebd1ff9d10059f322cddf64a0024e1c67986b77e583368
tau13_7-7-6	13	7,7,6	1143213541	7	TIMEOUT	TIMEOUT	5880.927115440369	5880.972130060196	7858948	8413597	42562965	45853990	12660243509	12682660348	71c26239d306afde7d272d67266992b53e97834fde5ed77b81e1046f0ccb1dd2	0fdaa429e25d67a2a7c8706469bc4232e885ca8f9bd38ae2089e874db18fbd5e
tau13_8-3-3-3-3	13	8,3,3,3,3	978450577	12	TIMEOUT	TIMEOUT	5880.348109722137	5880.811140060425	11083833	11034235	32125871	29885837	10008500403	9889066509	72c00d2c463b6ee7e05aadaae4c10020f058d5cbb28e05bdb31080fe9186ab70	e20648f03f3d96c3badd53e36e6c85240354657ca0d6c3567241a38077469285
tau13_8-6-3-3	13	8,6,3,3	1794095059	17	TIMEOUT	TIMEOUT	5881.007992982864	5880.599683523178	8001240	8666678	31684834	45294619	9060012066	11551096749	be76154adaff96f1996ef8c4b5f9394fb3fcc6e6c073e17a555060220c233538	961d6ade1d04bac5ae0665ae1b5e51f3452b11b68dfa59d749cdbad4d3393d46
tau13_8-6-6	13	8,6,6	617854118	11	TIMEOUT	TIMEOUT	5880.990523099899	5880.2005224227905	9277104	9298571	48098567	48728050	12574759454	12678132833	8e299135a8288959efaa1ff378ad790d5c337b71b19c634bd9a2922c30b6d79e	9a9a4719963f12d4054c4a767544a81ca21628329e30f7a80ffee19d25af82b5
tau13_8-7-5	13	8,7,5	266806933	18	TIMEOUT	TIMEOUT	5880.865868091583	5880.071289300919	9068200	8769839	47897942	46043048	12385883969	12477295438	e984dd2ffbc5e049837dc0f539389b29a6c9c4f4035d8fb52387aa3e5630a2b7	72553c915c83558fbc32b5f389abdd8a356ac370a5346fca769c5bc46040e399
tau13_9-5-3-3	13	9,5,3,3	126276072	15	TIMEOUT	TIMEOUT	5880.232570171356	5880.146235466003	7866421	8192662	40739371	42049358	10286788942	10696078067	e23d967b1ea18f48e02c7f159d7d5a92d808448188d7a8fa67dec1cb20f0405a	787522cb108dc3772399adad5de876c40926d18463cd6e316753914c007c4f27
tau13_9-6-5	13	9,6,5	124741859	4	TIMEOUT	TIMEOUT	5880.411113500595	5880.262005805969	10019611	9260550	50297606	48649599	12522149557	12567405043	beea8af22e8e515e6ba31d4fe30c45ecad68b29cb993aeb4090122fc1635f9ec	9b13e9d999c342e5cc80820ac530478a64696fd29c522de1982da9e04d23471a
tau13_9-8-3	13	9,8,3	714610756	13	TIMEOUT	TIMEOUT	5880.243666648865	5880.294235467911	9021262	7116292	47518169	39153720	11617792318	11444081926	f798081e4798ed5727aa2a78ec64a5e0195edd8e192424b171ea18aeb13ec84a	630e7e6531c609844d2ab1e91a4c0e8a7b4fab8993d3af1573d108e7fbfc64a9
tau20_10-3	20	10,3	941903966	8	TIMEOUT	TIMEOUT	5880.89963054657	5880.944434642792	8213072	9132573	46882110	50354220	12061545568	12105653257	364e5151c0d8d959d4b6d5feed42b21b34d0dc43a43964944fad5ad622fc9787	b8742f2e41c56d537db8fa3f16e64d7cf1d88ed5c1251388da509ea933c78876
tau20_13	20	13	1984019338	1	TIMEOUT	TIMEOUT	5880.089993715286	5880.646818637848	8770621	8557582	46866190	45160441	12949587068	12412486582	94c81eee146473ccb88e4683fa38a606c04cb9a43786b0cab486c0d0fa9fa189	5f44c12733dc74d0503deee86a204912d2d5a7cb356aa66b61397e9f91ab1631
tau20_5-5-3	20	5,5,3	447170205	4	TIMEOUT	TIMEOUT	5880.103278160095	5880.164535284042	8284886	8775695	44385545	46846447	9436863325	11137082061	8f842e8a42fbb77fc3bcbcce20183f0ef235cff6bb1a7173b963d19decca3db3	f7018028ce15b43b21c0ef4d73fb171c678a87ca10a0e5bf1cf2b762e2fbd38a
tau20_7-3-3	20	7,3,3	888461931	2	TIMEOUT	TIMEOUT	5880.320042133331	5880.958894729614	8735524	8328854	44775323	43579938	10472738436	10555964919	faaa60cd3f5604117f42cd38d557ed15d4347101882362db86041a7223c477af	b92d61e914234ac6fdaa4f6690efd8418d4c35ab89b4624664c8950a9ed08303
tau20_7-6	20	7,6	583136929	13	TIMEOUT	TIMEOUT	5880.345696210861	5880.339622497559	9429258	8723079	49584227	46853036	13121783561	12679676060	7cd5eca6a5101f51d640b732fd95a509499d0d414382210fd7aa6d91fc5a3010	6a1491dcae1328ee4594d8d17cd7a9e1c53e5ccfd610130fa6a4d14889c37214
tau20_8-5	20	8,5	1501476851	4	TIMEOUT	TIMEOUT	5881.013863563538	5880.4157881736755	8500972	8412629	44724763	45277112	12220419765	12299522799	52f69f524de5eab89a3b4e04907afd996cdcf6e657ea01467a94299f7d75a896	bfa3877a1482c7aa465fbd4b328035978d5261223cba87ceeb34c0b6975f2ba9
tau27_3-3	27	3,3	932205437	6	TIMEOUT	TIMEOUT	5880.989912509918	5880.932217597961	6863785	6814139	39193490	39131023	9678483407	9587937834	736e6f5b54074822cec176699b2c1049aa8c3b285f2ab05373438933337fe916	736e6f5b54074822cec176699b2c1049aa8c3b285f2ab05373438933337fe916
tau27_6	27	6	1798420611	9	TIMEOUT	TIMEOUT	5880.1380751132965	5880.763834238052	9623564	9253941	49866788	49005249	12060433232	13635781866	a6cdbc3fac9df11090e160b75b286eab4b7bef28f7bc4ece8e2ebc28a08b990f	2cd2a0d3146c923570f5de8fa910344c96bb9305bc171eee624c2cce91178d9a
