tau	cycle_type	c3	cm_components	eo_groups	A_variables	A_clauses	B_variables	B_clauses	C_variables	C_clauses	B_added_variables	B_added_clauses	C_added_variables	C_added_clauses	cm_constraints	moment_equalities
6	27	0	1	0	120685	445769	185516	684655	238880	866119	64831	238886	53364	181464	351	2
6	24,3	1	1	30	120637	445701	165737	610958	208129	755118	45100	165257	42392	144160	276	2
6	22,5	0	2	0	120656	445655	155296	571863	193192	700753	34640	126208	37896	128890	241	4
6	21,6	0	2	0	120656	445655	150904	555471	186560	676745	30248	109816	35656	121274	225	4
6	21,3,3	2	1	60	120589	445634	150413	554137	183080	665230	29824	108503	32667	111093	210	2
6	20,7	0	2	0	120656	445655	147061	541128	180764	655764	26405	95473	33703	114636	211	4
6	19,8	0	2	0	120656	445655	143767	528834	175782	637730	23111	83179	32015	108896	199	4
6	19,5,3	1	2	30	120608	445588	142627	525077	171645	623782	22019	79489	29018	98705	181	4
6	18,9	0	2	0	120656	445655	141022	518589	171635	622721	20366	72934	30613	104132	189	4
6	18,6,3	1	2	30	120608	445588	139468	513338	166670	605869	18860	67750	27202	92531	168	4
6	18,3,3,3	3	1	90	120541	445568	138977	512005	163190	594355	18436	66437	24213	82350	153	2
6	17,10	0	2	0	120656	445655	138826	510393	168314	610698	18170	64738	29488	100305	181	4
6	17,7,3	1	2	30	120608	445588	136795	503405	162447	590665	16187	57817	25652	87260	157	4
6	17,5,5	0	3	0	120627	445542	136401	501897	162331	590120	15774	56355	25930	88223	156	6
6	16,11	0	2	0	120656	445655	137179	504246	165837	601730	16523	58591	28658	97484	175	4
6	16,8,3	1	2	30	120608	445588	134608	495278	159020	578324	14000	49690	24412	83046	148	4
6	16,6,5	0	3	0	120627	445542	133959	492855	158363	575891	13332	47313	24404	83036	145	6
6	16,5,3,3	2	2	60	120560	445522	133468	491522	154883	564377	12908	46000	21415	72855	130	4
6	15,12	0	2	0	120656	445655	136081	500148	164181	595735	15425	54493	28100	95587	171	4
6	15,9,3	1	2	30	120608	445588	132907	488957	156322	568613	12299	43369	23415	79656	141	4
6	15,7,5	0	3	0	120627	445542	131961	485457	155097	564181	11334	39915	23136	78724	136	6
6	15,6,6	0	3	0	120627	445542	131844	485040	154837	563276	11217	39498	22993	78236	135	6
6	15,6,3,3	2	2	60	120560	445522	131353	483707	151357	551762	10793	38185	20004	68055	120	4
6	15,3,3,3,3	4	1	120	120493	445503	130862	482375	147877	540249	10369	36872	17015	57874	105	2
6	14,13	0	2	0	120656	445655	135532	498099	163346	592713	14876	52444	27814	94614	169	4
6	14,10,3	1	2	30	120608	445588	131692	484442	154413	561739	11084	38854	22721	77297	136	4
6	14,8,5	0	3	0	120627	445542	130407	479703	152567	555109	9780	34161	22160	75406	129	6
6	14,7,6	0	3	0	120627	445542	130152	478788	152026	553221	9525	33246	21874	74433	127	6
6	14,7,3,3	2	2	60	120560	445522	129661	477455	148546	541707	9101	31933	18885	64252	112	4
6	14,5,5,3	1	3	30	120579	445476	129267	475947	148430	541162	8688	30471	19163	65215	111	6
6	13,11,3	1	2	30	120608	445588	130963	481733	153256	557574	10355	36145	22293	75841	133	4
6	13,9,5	0	3	0	120627	445542	129297	475593	150747	548587	8670	30051	21450	72994	124	6
6	13,8,6	0	3	0	120627	445542	128883	474099	149919	545683	8256	28557	21036	71584	121	6
6	13,8,3,3	2	2	60	120560	445522	128392	472766	146439	534169	7832	27244	18047	61403	106	4
6	13,7,7	0	3	0	120627	445542	128745	473601	149638	544700	8118	28059	20893	71099	120	6
6	13,6,5,3	1	3	30	120579	445476	127743	470343	145782	531736	7164	24867	18039	61393	103	6
6	13,5,3,3,3	3	2	90	120512	445457	127252	469011	142302	520223	6740	23554	15050	51212	88	4
6	12,12,3	1	2	30	120608	445588	130720	480830	152890	556256	10112	35242	22170	75426	132	4
6	12,10,5	0	3	0	120627	445542	128631	473127	149673	544735	8004	27585	21042	71608	121	6
6	12,9,6	0	3	0	120627	445542	128037	470973	148511	540649	7410	25431	20474	69676	117	6
6	12,9,3,3	2	2	60	120560	445522	127546	469640	145031	529135	6986	24118	17485	59495	102	4
6	12,8,7	0	3	0	120627	445542	127740	469896	147943	538650	7113	24354	20203	68754	115	6
6	12,7,5,3	1	3	30	120579	445476	126600	466140	143806	524703	6021	20664	17206	58563	97	6
6	12,6,6,3	1	3	30	120579	445476	126483	465723	143546	523798	5904	20247	17063	58075	96	6
6	12,6,3,3,3	3	2	90	120512	445457	125992	464391	140066	512285	5480	18934	14074	47894	81	4
6	12,5,5,5	0	4	0	120598	445430	126206	464632	143690	524158	5608	19202	17484	59526	96	8
6	12,3,3,3,3,3	5	1	150	120445	445439	125501	463060	136586	500773	5056	17621	11085	37713	66	2
6	11,11,5	0	3	0	120627	445542	128409	472305	149294	543376	7782	26763	20885	71071	120	6
6	11,10,6	0	3	0	120627	445542	127614	469410	147803	538115	6987	23868	20189	68705	115	6
6	11,10,3,3	2	2	60	120560	445522	127123	468077	144323	526601	6563	22555	17200	58524	100	4
6	11,9,7	0	3	0	120627	445542	127137	467673	146901	534934	6510	22131	19764	67261	112	6
6	11,8,8	0	3	0	120627	445542	126978	467094	146614	533918	6351	21552	19636	66824	111	6
6	11,8,5,3	1	3	30	120579	445476	125838	463338	142477	519971	5259	17862	16639	56633	93	6
6	11,7,6,3	1	3	30	120579	445476	125583	462423	141936	518083	5004	16947	16353	55660	91	6
6	11,7,3,3,3	3	2	90	120512	445457	125092	461091	138456	506570	4580	15634	13364	45479	76	4
6	11,6,5,5	0	4	0	120598	445430	125189	460915	141820	517538	4591	15485	16631	56623	90	8
6	11,5,5,3,3	2	3	60	120531	445411	124698	459583	138340	506025	4167	14172	13642	46442	75	6
6	10,10,7	0	3	0	120627	445542	126936	466932	146572	533759	6309	21390	19636	66827	111	6
6	10,9,8	0	3	0	120627	445542	126597	465693	145951	531561	5970	20151	19354	65868	109	6
6	10,9,5,3	1	3	30	120579	445476	125457	461937	141814	517614	4878	16461	16357	55677	91	6
6	10,8,6,3	1	3	30	120579	445476	125043	460443	140986	514710	4464	14967	15943	54267	88	6
6	10,8,3,3,3	3	2	90	120512	445457	124552	459111	137506	503197	4040	13654	12954	44086	73	4
6	10,7,7,3	1	3	30	120579	445476	124905	459945	140705	513727	4326	14469	15800	53782	87	6
6	10,7,5,5	0	4	0	120598	445430	124511	458437	140589	513182	3913	13007	16078	54745	86	8
6	10,6,6,5	0	4	0	120598	445430	124394	458020	140329	512277	3796	12590	15935	54257	85	8
6	10,6,5,3,3	2	3	60	120531	445411	123903	456688	136849	500764	3372	11277	12946	44076	70	6
6	10,5,3,3,3,3	4	2	120	120464	445393	123412	455357	133369	489252	2948	9964	9957	33895	55	4
6	9,9,9	0	3	0	120627	445542	126417	465033	145617	530379	5790	19491	19200	65346	108	6
6	9,9,6,3	1	3	30	120579	445476	124863	459783	140652	513528	4284	14307	15789	53745	87	6
6	9,9,3,3,3	3	2	90	120512	445457	124372	458451	137172	502015	3860	12994	12800	43564	72	4
6	9,8,7,3	1	3	30	120579	445476	124566	458706	140084	511529	3987	13230	15518	52823	85	6
6	9,8,5,5	0	4	0	120598	445430	124172	457198	139968	510984	3574	11768	15796	53786	84	8
6	9,7,6,5	0	4	0	120598	445430	123917	456283	139427	509096	3319	10853	15510	52813	82	8
6	9,7,5,3,3	2	3	60	120531	445411	123426	454951	135947	497583	2895	9540	12521	42632	67	6
6	9,6,6,6	0	4	0	120598	445430	123800	455866	139167	508191	3202	10436	15367	52325	81	8
6	9,6,6,3,3	2	3	60	120531	445411	123309	454534	135687	496678	2778	9123	12378	42144	66	6
6	9,6,3,3,3,3	4	2	120	120464	445393	122818	453203	132207	485166	2354	7810	9389	31963	51	4
6	9,5,5,5,3	1	4	30	120550	445365	123032	453443	135831	497038	2482	8078	12799	43595	66	8
6	9,3,3,3,3,3,3	6	1	180	120397	445376	122327	451873	128727	473655	1930	6497	6400	21782	36	2
6	8,8,8,3	1	3	30	120579	445476	124407	458127	139797	510513	3828	12651	15390	52386	84	6
6	8,8,6,5	0	4	0	120598	445430	123758	455704	139140	508080	3160	10274	15382	52376	81	8
6	8,8,5,3,3	2	3	60	120531	445411	123267	454372	135660	496567	2736	8961	12393	42195	66	6
6	8,7,7,5	0	4	0	120598	445430	123620	455206	138859	507097	3022	9776	15239	51891	80	8
6	8,7,6,6	0	4	0	120598	445430	123503	454789	138599	506192	2905	9359	15096	51403	79	8
6	8,7,6,3,3	2	3	60	120531	445411	123012	453457	135119	494679	2481	8046	12107	41222	64	6
6	8,7,3,3,3,3	4	2	120	120464	445393	122521	452126	131639	483167	2057	6733	9118	31041	49	4
6	8,6,5,5,3	1	4	30	120550	445365	122618	451949	135003	494134	2068	6584	12385	42185	63	8
6	8,5,5,3,3,3	3	3	90	120483	445347	122127	450618	131523	482622	1644	5271	9396	32004	48	6
6	7,7,7,6	0	4	0	120598	445430	123365	454291	138318	505209	2767	8861	14953	50918	78	8
6	7,7,7,3,3	2	3	60	120531	445411	122874	452959	134838	493696	2343	7548	11964	40737	63	6
6	7,7,5,5,3	1	4	30	120550	445365	122480	451451	134722	493151	1930	6086	12242	41700	62	8
6	7,6,6,5,3	1	4	30	120550	445365	122363	451034	134462	492246	1813	5669	12099	41212	61	8
6	7,6,5,3,3,3	3	3	90	120483	445347	121872	449703	130982	480734	1389	4356	9110	31031	46	6
6	7,5,5,5,5	0	5	0	120569	445319	122086	449943	134606	492606	1517	4624	12520	42663	61	10
6	7,5,3,3,3,3,3	5	2	150	120416	445330	121381	448373	127502	469223	965	3043	6121	20850	31	4
6	6,6,6,6,3	1	4	30	120550	445365	122246	450617	134202	491341	1696	5252	11956	40724	60	8
6	6,6,6,3,3,3	3	3	90	120483	445347	121755	449286	130722	479829	1272	3939	8967	30543	45	6
6	6,6,5,5,5	0	5	0	120569	445319	121969	449526	134346	491701	1400	4207	12377	42175	60	10
6	6,6,3,3,3,3,3	5	2	150	120416	445330	121264	447956	127242	468318	848	2626	5978	20362	30	4
6	6,5,5,5,3,3	2	4	60	120502	445301	121478	448195	130866	480189	976	2894	9388	31994	45	8
6	6,3,3,3,3,3,3,3	7	1	210	120349	445314	120773	446627	123762	456808	424	1313	2989	10181	15	2
6	5,5,5,3,3,3,3	4	3	120	120435	445284	120987	446865	127386	468678	552	1581	6399	21813	30	6
6	3,3,3,3,3,3,3,3,3	9	0	270	120282	445299	120282	445299	120282	445299	0	0	0	0	0	0
13	20	0	1	0	122449	452412	148073	545369	177788	646426	25624	92957	29715	101057	190	2
13	17,3	1	1	30	122401	452344	137807	507645	159471	581326	15406	55301	21664	73681	136	2
13	15,5	0	2	0	122420	452298	132973	489697	152121	554842	10553	37399	19148	65145	115	4
13	14,6	0	2	0	122420	452298	131164	483028	149050	543882	8744	30730	17886	60854	106	4
13	14,3,3	2	1	60	122353	452277	130673	481694	145570	532367	8320	29417	14897	50673	91	2
13	13,7	0	2	0	122420	452298	129757	477841	146662	535361	7337	25543	16905	57520	99	4
13	12,8	0	2	0	122420	452298	128752	474136	144967	529311	6332	21838	16215	55175	94	4
13	12,5,3	1	2	30	122372	452231	127612	470379	140830	515363	5240	18148	13218	44984	76	4
13	11,9	0	2	0	122420	452298	128149	471913	143925	525595	5729	19615	15776	53682	91	4
13	11,6,3	1	2	30	122372	452231	126595	466662	138960	508743	4223	14431	12365	42081	70	4
13	11,3,3,3	3	1	90	122305	452211	126104	465329	135480	497229	3799	13118	9376	31900	55	2
13	10,10	0	2	0	122420	452298	127948	471172	143596	524420	5528	18874	15648	53248	90	4
13	10,7,3	1	2	30	122372	452231	125917	464184	137729	504387	3545	11953	11812	40203	66	4
13	10,5,5	0	3	0	122391	452185	125523	462676	137613	503842	3132	10491	12090	41166	65	6
13	9,8,3	1	2	30	122372	452231	125578	462945	137108	502189	3206	10714	11530	39244	64	4
13	9,6,5	0	3	0	122391	452185	124929	460522	136451	499756	2538	8337	11522	39234	61	6
13	9,5,3,3	2	2	60	122324	452165	124438	459189	132971	488242	2114	7024	8533	29053	46	4
13	8,7,5	0	3	0	122391	452185	124632	459445	135883	497757	2241	7260	11251	38312	59	6
13	8,6,6	0	3	0	122391	452185	124515	459028	135623	496852	2124	6843	11108	37824	58	6
13	8,6,3,3	2	2	60	122324	452165	124024	457695	132143	485338	1700	5530	8119	27643	43	4
13	8,3,3,3,3	4	1	120	122257	452146	123533	456363	128663	473825	1276	4217	5130	17462	28	2
13	7,7,6	0	3	0	122391	452185	124377	458530	135342	495869	1986	6345	10965	37339	57	6
13	7,7,3,3	2	2	60	122324	452165	123886	457197	131862	484355	1562	5032	7976	27158	42	4
13	7,5,5,3	1	3	30	122343	452119	123492	455689	131746	483810	1149	3570	8254	28121	41	6
13	6,6,5,3	1	3	30	122343	452119	123375	455272	131486	482905	1032	3153	8111	27633	40	6
13	6,5,3,3,3	3	2	90	122276	452100	122884	453940	128006	471392	608	1840	5122	17452	25	4
13	5,5,5,5	0	4	0	122362	452073	123098	454181	131630	483265	736	2108	8532	29084	40	8
13	5,3,3,3,3,3	5	1	150	122209	452082	122393	452609	124526	459880	184	527	2133	7271	10	2
20	13	0	1	0	124164	458761	130720	481788	143637	525729	6556	23027	12917	43941	78	2
20	10,3	1	1	30	124116	458693	126880	468130	134704	494754	2764	9437	7824	26624	45	2
20	8,5	0	2	0	124135	458647	125595	463391	132858	488124	1460	4744	7263	24733	38	4
20	7,6	0	2	0	124135	458647	125340	462476	132317	486236	1205	3829	6977	23760	36	4
20	7,3,3	2	1	60	124068	458626	124849	461142	128837	474721	781	2516	3988	13579	21	2
20	5,5,3	1	2	30	124087	458580	124455	459634	128721	474176	368	1054	4266	14542	20	4
27	6	0	1	0	125830	464816	126254	466129	129243	476310	424	1313	2989	10181	15	2
27	3,3	2	0	60	125763	464794	125763	464794	125763	464794	0	0	0	0	0	0
